Foundation Reactions,,,,,,,,,,
,,,,,,,,,,
"Foundation Reactions, First-order linear, Service Factors",,,,,,,,,,
,,,,,,,,,,
Supports,,,,,,,,,,
Support,"Support
rotation
[°]",Column Ref.,"Column
rotation
[°]",Combination,Reactions,,,,,
,,,,,"Fvert
[kN]","Fmajor
[kN]","Fminor
[kN]","Mmajor
[kNm]","Mminor
[kNm]","Mtor
[kNm]"
SUP 2/J,0.0000,SC 2/J (UC 203x203x60),0.0000,38 Snow drift,3.8,0.0,0.0,0.0,0.0,0.0
,,,,39 Cb1-1.4D+1.6I+1.6RI,3.8,0.0,0.0,0.0,0.0,0.0
,,,,40 Cb1.1-1.4D+1.6I+1.6RI+NHFDir1+,3.8,0.0,0.0,0.0,0.0,0.0
,,,,41 Cb1.2-1.4D+1.6I+1.6RI+NHFDir1-,3.8,0.0,0.0,0.0,0.0,0.0
,,,,42 Cb1.3-1.4D+1.6I+1.6RI+NHFDir2+,3.8,0.0,0.0,0.0,0.0,0.0
,,,,43 Cb1.4-1.4D+1.6I+1.6RI+NHFDir2-,3.8,0.0,0.0,0.0,0.0,0.0
,,,,44 Cb3.1-1.2D+1.2I+1.2RI+1.2W,3.8,0.0,0.0,0.0,0.0,0.0
,,,,45 Cb3.2-1.2D+1.2I+1.2RI+1.2W,3.8,0.0,0.0,0.0,0.0,0.0
,,,,46 Cb3.3-1.2D+1.2I+1.2RI+1.2W,3.8,0.0,0.0,0.0,0.0,0.0
,,,,47 Cb3.4-1.2D+1.2I+1.2RI+1.2W,3.8,0.0,0.0,0.0,0.0,0.0
,,,,48 Cb3.5-1.2D+1.2I+1.2RI+1.2W,3.8,0.0,0.0,0.0,0.0,0.0
,,,,49 Cb3.6-1.2D+1.2I+1.2RI+1.2W,3.8,0.0,0.0,0.0,0.0,0.0
,,,,50 Cb3.7-1.2D+1.2I+1.2RI+1.2W,3.8,0.0,0.0,0.0,0.0,0.0
,,,,51 Cb3.8-1.2D+1.2I+1.2RI+1.2W,3.8,0.0,0.0,0.0,0.0,0.0
,,,,52 Cb3.9-1.2D+1.2I+1.2RI+1.2W,3.8,0.0,0.0,0.0,0.0,0.0
,,,,53 Cb3.10-1.2D+1.2I+1.2RI+1.2W,3.8,0.0,0.0,0.0,0.0,0.0
,,,,54 Cb3.11-1.2D+1.2I+1.2RI+1.2W,3.8,0.0,0.0,0.0,0.0,0.0
,,,,55 Cb3.12-1.2D+1.2I+1.2RI+1.2W,3.8,0.0,0.0,0.0,0.0,0.0
,,,,56 Cb3.13-1.2D+1.2I+1.2RI+1.2W,3.8,0.0,0.0,0.0,0.0,0.0
,,,,57 Cb3.14-1.2D+1.2I+1.2RI+1.2W,3.8,0.0,0.0,0.0,0.0,0.0
,,,,58 Cb3.15-1.2D+1.2I+1.2RI+1.2W,3.8,0.0,0.0,0.0,0.0,0.0
,,,,59 Cb3.16-1.2D+1.2I+1.2RI+1.2W,3.8,0.0,0.0,0.0,0.0,0.0
,,,,60 Cb5.1-D+1.4W,3.8,0.0,0.0,0.0,0.0,0.0
,,,,61 Cb5.2-D+1.4W,3.8,0.0,0.0,0.0,0.0,0.0
,,,,62 Cb5.3-D+1.4W,3.8,0.0,0.0,0.0,0.0,0.0
,,,,63 Cb5.4-D+1.4W,3.8,0.0,0.0,0.0,0.0,0.0
,,,,64 Cb5.5-D+1.4W,3.8,0.0,0.0,0.0,0.0,0.0
,,,,65 Cb5.6-D+1.4W,3.8,0.0,0.0,0.0,0.0,0.0
,,,,66 Cb5.7-D+1.4W,3.8,0.0,0.0,0.0,0.0,0.0
,,,,67 Cb5.8-D+1.4W,3.8,0.0,0.0,0.0,0.0,0.0
,,,,68 Cb5.9-D+1.4W,3.8,0.0,0.0,0.0,0.0,0.0
,,,,69 Cb5.10-D+1.4W,3.8,0.0,0.0,0.0,0.0,0.0
,,,,70 Cb5.11-D+1.4W,3.8,0.0,0.0,0.0,0.0,0.0
,,,,71 Cb5.12-D+1.4W,3.8,0.0,0.0,0.0,0.0,0.0
,,,,72 Cb5.13-D+1.4W,3.8,0.0,0.0,0.0,0.0,0.0
,,,,73 Cb5.14-D+1.4W,3.8,0.0,0.0,0.0,0.0,0.0
,,,,74 Cb5.15-D+1.4W,3.8,0.0,0.0,0.0,0.0,0.0
,,,,75 Cb5.16-D+1.4W,3.8,0.0,0.0,0.0,0.0,0.0
,,,,76 (Final) Cb1-1.4D+1.6I+1.6RI,3.8,0.0,0.0,0.0,0.0,0.0
,,,,77 (Final) Cb1.1-1.4D+1.6I+1.6RI+NHFDir1+,3.8,0.0,0.0,0.0,0.0,0.0
,,,,78 (Final) Cb1.2-1.4D+1.6I+1.6RI+NHFDir1-,3.8,0.0,0.0,0.0,0.0,0.0
,,,,79 (Final) Cb1.3-1.4D+1.6I+1.6RI+NHFDir2+,3.8,0.0,0.0,0.0,0.0,0.0
,,,,80 (Final) Cb1.4-1.4D+1.6I+1.6RI+NHFDir2-,3.8,0.0,0.0,0.0,0.0,0.0
,,,,81 (Final) Cb3.1-1.2D+1.2I+1.2RI+1.2W,3.8,6.4,0.0,0.0,0.0,0.0
,,,,82 (Final) Cb3.2-1.2D+1.2I+1.2RI+1.2W,3.8,6.4,0.0,0.0,0.0,0.0
,,,,83 (Final) Cb3.3-1.2D+1.2I+1.2RI+1.2W,3.8,12.0,0.0,0.0,0.0,0.0
,,,,84 (Final) Cb3.4-1.2D+1.2I+1.2RI+1.2W,3.8,12.0,0.0,0.0,0.0,0.0
,,,,85 (Final) Cb3.5-1.2D+1.2I+1.2RI+1.2W,3.8,-11.5,0.0,0.0,0.0,0.0
,,,,86 (Final) Cb3.6-1.2D+1.2I+1.2RI+1.2W,3.8,-11.5,0.0,0.0,0.0,0.0
,,,,87 (Final) Cb3.7-1.2D+1.2I+1.2RI+1.2W,3.8,-5.9,0.0,0.0,0.0,0.0
,,,,88 (Final) Cb3.8-1.2D+1.2I+1.2RI+1.2W,3.8,-5.9,0.0,0.0,0.0,0.0
,,,,89 (Final) Cb3.9-1.2D+1.2I+1.2RI+1.2W,3.8,3.7,0.0,0.0,0.0,0.0
,,,,90 (Final) Cb3.10-1.2D+1.2I+1.2RI+1.2W,3.8,3.7,0.0,0.0,0.0,0.0
,,,,91 (Final) Cb3.11-1.2D+1.2I+1.2RI+1.2W,3.8,7.4,0.0,0.0,0.0,0.0
,,,,92 (Final) Cb3.12-1.2D+1.2I+1.2RI+1.2W,3.8,7.4,0.0,0.0,0.0,0.0
,,,,93 (Final) Cb3.13-1.2D+1.2I+1.2RI+1.2W,3.8,1.5,0.0,0.0,0.0,0.0
,,,,94 (Final) Cb3.14-1.2D+1.2I+1.2RI+1.2W,3.8,1.5,0.0,0.0,0.0,0.0
,,,,95 (Final) Cb3.15-1.2D+1.2I+1.2RI+1.2W,3.8,5.1,0.0,0.0,0.0,0.0
,,,,96 (Final) Cb3.16-1.2D+1.2I+1.2RI+1.2W,3.8,5.1,0.0,0.0,0.0,0.0
,,,,97 (Final) Cb5.1-D+1.4W,3.8,8.0,0.0,0.0,0.0,0.0
,,,,98 (Final) Cb5.2-D+1.4W,3.8,8.0,0.0,0.0,0.0,0.0
,,,,99 (Final) Cb5.3-D+1.4W,3.8,15.0,0.0,0.0,0.0,0.0
,,,,100 (Final) Cb5.4-D+1.4W,3.8,15.0,0.0,0.0,0.0,0.0
,,,,101 (Final) Cb5.5-D+1.4W,3.8,-14.4,0.0,0.0,0.0,0.0
,,,,102 (Final) Cb5.6-D+1.4W,3.8,-14.4,0.0,0.0,0.0,0.0
,,,,103 (Final) Cb5.7-D+1.4W,3.8,-7.4,0.0,0.0,0.0,0.0
,,,,104 (Final) Cb5.8-D+1.4W,3.8,-7.4,0.0,0.0,0.0,0.0
,,,,105 (Final) Cb5.9-D+1.4W,3.8,4.6,0.0,0.0,0.0,0.0
,,,,106 (Final) Cb5.10-D+1.4W,3.8,4.6,0.0,0.0,0.0,0.0
,,,,107 (Final) Cb5.11-D+1.4W,3.8,9.3,0.0,0.0,0.0,0.0
,,,,108 (Final) Cb5.12-D+1.4W,3.8,9.3,0.0,0.0,0.0,0.0
,,,,109 (Final) Cb5.13-D+1.4W,3.8,1.8,0.0,0.0,0.0,0.0
,,,,110 (Final) Cb5.14-D+1.4W,3.8,1.8,0.0,0.0,0.0,0.0
,,,,111 (Final) Cb5.15-D+1.4W,3.8,6.4,0.0,0.0,0.0,0.0
,,,,112 (Final) Cb5.16-D+1.4W,3.8,6.4,0.0,0.0,0.0,0.0
SUP 2/N',0.0000,SC 2/N' (UC 203x203x60),0.0000,38 Snow drift,8.6,0.0,0.0,0.0,0.0,0.0
,,,,39 Cb1-1.4D+1.6I+1.6RI,8.6,0.0,0.0,0.0,0.0,0.0
,,,,40 Cb1.1-1.4D+1.6I+1.6RI+NHFDir1+,8.6,0.0,0.0,0.0,0.0,0.0
,,,,41 Cb1.2-1.4D+1.6I+1.6RI+NHFDir1-,8.6,0.0,0.0,0.0,0.0,0.0
,,,,42 Cb1.3-1.4D+1.6I+1.6RI+NHFDir2+,8.6,0.0,0.0,0.0,0.0,0.0
,,,,43 Cb1.4-1.4D+1.6I+1.6RI+NHFDir2-,8.6,0.0,0.0,0.0,0.0,0.0
,,,,44 Cb3.1-1.2D+1.2I+1.2RI+1.2W,8.6,0.0,0.0,0.0,0.0,0.0
,,,,45 Cb3.2-1.2D+1.2I+1.2RI+1.2W,8.6,0.0,0.0,0.0,0.0,0.0
,,,,46 Cb3.3-1.2D+1.2I+1.2RI+1.2W,8.6,0.0,0.0,0.0,0.0,0.0
,,,,47 Cb3.4-1.2D+1.2I+1.2RI+1.2W,8.6,0.0,0.0,0.0,0.0,0.0
,,,,48 Cb3.5-1.2D+1.2I+1.2RI+1.2W,8.6,0.0,0.0,0.0,0.0,0.0
,,,,49 Cb3.6-1.2D+1.2I+1.2RI+1.2W,8.6,0.0,0.0,0.0,0.0,0.0
,,,,50 Cb3.7-1.2D+1.2I+1.2RI+1.2W,8.6,0.0,0.0,0.0,0.0,0.0
,,,,51 Cb3.8-1.2D+1.2I+1.2RI+1.2W,8.6,0.0,0.0,0.0,0.0,0.0
,,,,52 Cb3.9-1.2D+1.2I+1.2RI+1.2W,8.6,0.0,0.0,0.0,0.0,0.0
,,,,53 Cb3.10-1.2D+1.2I+1.2RI+1.2W,8.6,0.0,0.0,0.0,0.0,0.0
,,,,54 Cb3.11-1.2D+1.2I+1.2RI+1.2W,8.6,0.0,0.0,0.0,0.0,0.0
,,,,55 Cb3.12-1.2D+1.2I+1.2RI+1.2W,8.6,0.0,0.0,0.0,0.0,0.0
,,,,56 Cb3.13-1.2D+1.2I+1.2RI+1.2W,8.6,0.0,0.0,0.0,0.0,0.0
,,,,57 Cb3.14-1.2D+1.2I+1.2RI+1.2W,8.6,0.0,0.0,0.0,0.0,0.0
,,,,58 Cb3.15-1.2D+1.2I+1.2RI+1.2W,8.6,0.0,0.0,0.0,0.0,0.0
,,,,59 Cb3.16-1.2D+1.2I+1.2RI+1.2W,8.6,0.0,0.0,0.0,0.0,0.0
,,,,60 Cb5.1-D+1.4W,8.6,0.0,0.0,0.0,0.0,0.0
,,,,61 Cb5.2-D+1.4W,8.6,0.0,0.0,0.0,0.0,0.0
,,,,62 Cb5.3-D+1.4W,8.6,0.0,0.0,0.0,0.0,0.0
,,,,63 Cb5.4-D+1.4W,8.6,0.0,0.0,0.0,0.0,0.0
,,,,64 Cb5.5-D+1.4W,8.6,0.0,0.0,0.0,0.0,0.0
,,,,65 Cb5.6-D+1.4W,8.6,0.0,0.0,0.0,0.0,0.0
,,,,66 Cb5.7-D+1.4W,8.6,0.0,0.0,0.0,0.0,0.0
,,,,67 Cb5.8-D+1.4W,8.6,0.0,0.0,0.0,0.0,0.0
,,,,68 Cb5.9-D+1.4W,8.6,0.0,0.0,0.0,0.0,0.0
,,,,69 Cb5.10-D+1.4W,8.6,0.0,0.0,0.0,0.0,0.0
,,,,70 Cb5.11-D+1.4W,8.6,0.0,0.0,0.0,0.0,0.0
,,,,71 Cb5.12-D+1.4W,8.6,0.0,0.0,0.0,0.0,0.0
,,,,72 Cb5.13-D+1.4W,8.6,0.0,0.0,0.0,0.0,0.0
,,,,73 Cb5.14-D+1.4W,8.6,0.0,0.0,0.0,0.0,0.0
,,,,74 Cb5.15-D+1.4W,8.6,0.0,0.0,0.0,0.0,0.0
,,,,75 Cb5.16-D+1.4W,8.6,0.0,0.0,0.0,0.0,0.0
,,,,76 (Final) Cb1-1.4D+1.6I+1.6RI,8.6,0.0,0.0,0.0,0.0,0.0
,,,,77 (Final) Cb1.1-1.4D+1.6I+1.6RI+NHFDir1+,8.6,0.0,0.0,0.0,0.0,0.0
,,,,78 (Final) Cb1.2-1.4D+1.6I+1.6RI+NHFDir1-,8.6,0.0,0.0,0.0,0.0,0.0
,,,,79 (Final) Cb1.3-1.4D+1.6I+1.6RI+NHFDir2+,8.6,0.0,0.0,0.0,0.0,0.0
,,,,80 (Final) Cb1.4-1.4D+1.6I+1.6RI+NHFDir2-,8.6,0.0,0.0,0.0,0.0,0.0
,,,,81 (Final) Cb3.1-1.2D+1.2I+1.2RI+1.2W,8.6,-9.0,0.0,0.0,0.0,0.0
,,,,82 (Final) Cb3.2-1.2D+1.2I+1.2RI+1.2W,8.6,-9.0,0.0,0.0,0.0,0.0
,,,,83 (Final) Cb3.3-1.2D+1.2I+1.2RI+1.2W,8.6,-16.4,0.0,0.0,0.0,0.0
,,,,84 (Final) Cb3.4-1.2D+1.2I+1.2RI+1.2W,8.6,-16.4,0.0,0.0,0.0,0.0
,,,,85 (Final) Cb3.5-1.2D+1.2I+1.2RI+1.2W,8.6,-3.0,0.0,0.0,0.0,0.0
,,,,86 (Final) Cb3.6-1.2D+1.2I+1.2RI+1.2W,8.6,-3.0,0.0,0.0,0.0,0.0
,,,,87 (Final) Cb3.7-1.2D+1.2I+1.2RI+1.2W,8.6,-10.5,0.0,0.0,0.0,0.0
,,,,88 (Final) Cb3.8-1.2D+1.2I+1.2RI+1.2W,8.6,-10.5,0.0,0.0,0.0,0.0
,,,,89 (Final) Cb3.9-1.2D+1.2I+1.2RI+1.2W,8.6,-5.0,0.0,0.0,0.0,0.0
,,,,90 (Final) Cb3.10-1.2D+1.2I+1.2RI+1.2W,8.6,-5.0,0.0,0.0,0.0,0.0
,,,,91 (Final) Cb3.11-1.2D+1.2I+1.2RI+1.2W,8.6,-9.9,0.0,0.0,0.0,0.0
,,,,92 (Final) Cb3.12-1.2D+1.2I+1.2RI+1.2W,8.6,-9.9,0.0,0.0,0.0,0.0
,,,,93 (Final) Cb3.13-1.2D+1.2I+1.2RI+1.2W,8.6,11.3,0.0,0.0,0.0,0.0
,,,,94 (Final) Cb3.14-1.2D+1.2I+1.2RI+1.2W,8.6,11.3,0.0,0.0,0.0,0.0
,,,,95 (Final) Cb3.15-1.2D+1.2I+1.2RI+1.2W,8.6,6.4,0.0,0.0,0.0,0.0
,,,,96 (Final) Cb3.16-1.2D+1.2I+1.2RI+1.2W,8.6,6.4,0.0,0.0,0.0,0.0
,,,,97 (Final) Cb5.1-D+1.4W,8.6,-11.2,0.0,0.0,0.0,0.0
,,,,98 (Final) Cb5.2-D+1.4W,8.6,-11.2,0.0,0.0,0.0,0.0
,,,,99 (Final) Cb5.3-D+1.4W,8.6,-20.5,0.0,0.0,0.0,0.0
,,,,100 (Final) Cb5.4-D+1.4W,8.6,-20.5,0.0,0.0,0.0,0.0
,,,,101 (Final) Cb5.5-D+1.4W,8.6,-3.7,0.0,0.0,0.0,0.0
,,,,102 (Final) Cb5.6-D+1.4W,8.6,-3.7,0.0,0.0,0.0,0.0
,,,,103 (Final) Cb5.7-D+1.4W,8.6,-13.1,0.0,0.0,0.0,0.0
,,,,104 (Final) Cb5.8-D+1.4W,8.6,-13.1,0.0,0.0,0.0,0.0
,,,,105 (Final) Cb5.9-D+1.4W,8.6,-6.2,0.0,0.0,0.0,0.0
,,,,106 (Final) Cb5.10-D+1.4W,8.6,-6.2,0.0,0.0,0.0,0.0
,,,,107 (Final) Cb5.11-D+1.4W,8.6,-12.4,0.0,0.0,0.0,0.0
,,,,108 (Final) Cb5.12-D+1.4W,8.6,-12.4,0.0,0.0,0.0,0.0
,,,,109 (Final) Cb5.13-D+1.4W,8.6,14.1,0.0,0.0,0.0,0.0
,,,,110 (Final) Cb5.14-D+1.4W,8.6,14.1,0.0,0.0,0.0,0.0
,,,,111 (Final) Cb5.15-D+1.4W,8.6,8.0,0.0,0.0,0.0,0.0
,,,,112 (Final) Cb5.16-D+1.4W,8.6,8.0,0.0,0.0,0.0,0.0
SUP 3/J,0.0000,SC 3/J (UC 203x203x60),0.0000,38 Snow drift,4.0,0.0,0.0,0.0,0.0,0.0
,,,,39 Cb1-1.4D+1.6I+1.6RI,4.0,0.0,0.0,0.0,0.0,0.0
,,,,40 Cb1.1-1.4D+1.6I+1.6RI+NHFDir1+,4.0,0.0,0.0,0.0,0.0,0.0
,,,,41 Cb1.2-1.4D+1.6I+1.6RI+NHFDir1-,4.0,0.0,0.0,0.0,0.0,0.0
,,,,42 Cb1.3-1.4D+1.6I+1.6RI+NHFDir2+,4.0,0.0,0.0,0.0,0.0,0.0
,,,,43 Cb1.4-1.4D+1.6I+1.6RI+NHFDir2-,4.0,0.0,0.0,0.0,0.0,0.0
,,,,44 Cb3.1-1.2D+1.2I+1.2RI+1.2W,4.0,0.0,0.0,0.0,0.0,0.0
,,,,45 Cb3.2-1.2D+1.2I+1.2RI+1.2W,4.0,0.0,0.0,0.0,0.0,0.0
,,,,46 Cb3.3-1.2D+1.2I+1.2RI+1.2W,4.0,0.0,0.0,0.0,0.0,0.0
,,,,47 Cb3.4-1.2D+1.2I+1.2RI+1.2W,4.0,0.0,0.0,0.0,0.0,0.0
,,,,48 Cb3.5-1.2D+1.2I+1.2RI+1.2W,4.0,0.0,0.0,0.0,0.0,0.0
,,,,49 Cb3.6-1.2D+1.2I+1.2RI+1.2W,4.0,0.0,0.0,0.0,0.0,0.0
,,,,50 Cb3.7-1.2D+1.2I+1.2RI+1.2W,4.0,0.0,0.0,0.0,0.0,0.0
,,,,51 Cb3.8-1.2D+1.2I+1.2RI+1.2W,4.0,0.0,0.0,0.0,0.0,0.0
,,,,52 Cb3.9-1.2D+1.2I+1.2RI+1.2W,4.0,0.0,0.0,0.0,0.0,0.0
,,,,53 Cb3.10-1.2D+1.2I+1.2RI+1.2W,4.0,0.0,0.0,0.0,0.0,0.0
,,,,54 Cb3.11-1.2D+1.2I+1.2RI+1.2W,4.0,0.0,0.0,0.0,0.0,0.0
,,,,55 Cb3.12-1.2D+1.2I+1.2RI+1.2W,4.0,0.0,0.0,0.0,0.0,0.0
,,,,56 Cb3.13-1.2D+1.2I+1.2RI+1.2W,4.0,0.0,0.0,0.0,0.0,0.0
,,,,57 Cb3.14-1.2D+1.2I+1.2RI+1.2W,4.0,0.0,0.0,0.0,0.0,0.0
,,,,58 Cb3.15-1.2D+1.2I+1.2RI+1.2W,4.0,0.0,0.0,0.0,0.0,0.0
,,,,59 Cb3.16-1.2D+1.2I+1.2RI+1.2W,4.0,0.0,0.0,0.0,0.0,0.0
,,,,60 Cb5.1-D+1.4W,4.0,0.0,0.0,0.0,0.0,0.0
,,,,61 Cb5.2-D+1.4W,4.0,0.0,0.0,0.0,0.0,0.0
,,,,62 Cb5.3-D+1.4W,4.0,0.0,0.0,0.0,0.0,0.0
,,,,63 Cb5.4-D+1.4W,4.0,0.0,0.0,0.0,0.0,0.0
,,,,64 Cb5.5-D+1.4W,4.0,0.0,0.0,0.0,0.0,0.0
,,,,65 Cb5.6-D+1.4W,4.0,0.0,0.0,0.0,0.0,0.0
,,,,66 Cb5.7-D+1.4W,4.0,0.0,0.0,0.0,0.0,0.0
,,,,67 Cb5.8-D+1.4W,4.0,0.0,0.0,0.0,0.0,0.0
,,,,68 Cb5.9-D+1.4W,4.0,0.0,0.0,0.0,0.0,0.0
,,,,69 Cb5.10-D+1.4W,4.0,0.0,0.0,0.0,0.0,0.0
,,,,70 Cb5.11-D+1.4W,4.0,0.0,0.0,0.0,0.0,0.0
,,,,71 Cb5.12-D+1.4W,4.0,0.0,0.0,0.0,0.0,0.0
,,,,72 Cb5.13-D+1.4W,4.0,0.0,0.0,0.0,0.0,0.0
,,,,73 Cb5.14-D+1.4W,4.0,0.0,0.0,0.0,0.0,0.0
,,,,74 Cb5.15-D+1.4W,4.0,0.0,0.0,0.0,0.0,0.0
,,,,75 Cb5.16-D+1.4W,4.0,0.0,0.0,0.0,0.0,0.0
,,,,76 (Final) Cb1-1.4D+1.6I+1.6RI,4.0,0.0,0.0,0.0,0.0,0.0
,,,,77 (Final) Cb1.1-1.4D+1.6I+1.6RI+NHFDir1+,4.0,0.0,0.0,0.0,0.0,0.0
,,,,78 (Final) Cb1.2-1.4D+1.6I+1.6RI+NHFDir1-,4.0,0.0,0.0,0.0,0.0,0.0
,,,,79 (Final) Cb1.3-1.4D+1.6I+1.6RI+NHFDir2+,4.0,0.0,0.0,0.0,0.0,0.0
,,,,80 (Final) Cb1.4-1.4D+1.6I+1.6RI+NHFDir2-,4.0,0.0,0.0,0.0,0.0,0.0
,,,,81 (Final) Cb3.1-1.2D+1.2I+1.2RI+1.2W,4.0,5.1,0.0,0.0,0.0,0.0
,,,,82 (Final) Cb3.2-1.2D+1.2I+1.2RI+1.2W,4.0,5.1,0.0,0.0,0.0,0.0
,,,,83 (Final) Cb3.3-1.2D+1.2I+1.2RI+1.2W,4.0,10.3,0.0,0.0,0.0,0.0
,,,,84 (Final) Cb3.4-1.2D+1.2I+1.2RI+1.2W,4.0,10.3,0.0,0.0,0.0,0.0
,,,,85 (Final) Cb3.5-1.2D+1.2I+1.2RI+1.2W,4.0,-10.6,0.0,0.0,0.0,0.0
,,,,86 (Final) Cb3.6-1.2D+1.2I+1.2RI+1.2W,4.0,-10.6,0.0,0.0,0.0,0.0
,,,,87 (Final) Cb3.7-1.2D+1.2I+1.2RI+1.2W,4.0,-5.4,0.0,0.0,0.0,0.0
,,,,88 (Final) Cb3.8-1.2D+1.2I+1.2RI+1.2W,4.0,-5.4,0.0,0.0,0.0,0.0
,,,,89 (Final) Cb3.9-1.2D+1.2I+1.2RI+1.2W,4.0,4.2,0.0,0.0,0.0,0.0
,,,,90 (Final) Cb3.10-1.2D+1.2I+1.2RI+1.2W,4.0,4.2,0.0,0.0,0.0,0.0
,,,,91 (Final) Cb3.11-1.2D+1.2I+1.2RI+1.2W,4.0,7.6,0.0,0.0,0.0,0.0
,,,,92 (Final) Cb3.12-1.2D+1.2I+1.2RI+1.2W,4.0,7.6,0.0,0.0,0.0,0.0
,,,,93 (Final) Cb3.13-1.2D+1.2I+1.2RI+1.2W,4.0,1.4,0.0,0.0,0.0,0.0
,,,,94 (Final) Cb3.14-1.2D+1.2I+1.2RI+1.2W,4.0,1.4,0.0,0.0,0.0,0.0
,,,,95 (Final) Cb3.15-1.2D+1.2I+1.2RI+1.2W,4.0,4.7,0.0,0.0,0.0,0.0
,,,,96 (Final) Cb3.16-1.2D+1.2I+1.2RI+1.2W,4.0,4.7,0.0,0.0,0.0,0.0
,,,,97 (Final) Cb5.1-D+1.4W,4.0,6.4,0.0,0.0,0.0,0.0
,,,,98 (Final) Cb5.2-D+1.4W,4.0,6.4,0.0,0.0,0.0,0.0
,,,,99 (Final) Cb5.3-D+1.4W,4.0,12.9,0.0,0.0,0.0,0.0
,,,,100 (Final) Cb5.4-D+1.4W,4.0,12.9,0.0,0.0,0.0,0.0
,,,,101 (Final) Cb5.5-D+1.4W,4.0,-13.3,0.0,0.0,0.0,0.0
,,,,102 (Final) Cb5.6-D+1.4W,4.0,-13.3,0.0,0.0,0.0,0.0
,,,,103 (Final) Cb5.7-D+1.4W,4.0,-6.8,0.0,0.0,0.0,0.0
,,,,104 (Final) Cb5.8-D+1.4W,4.0,-6.8,0.0,0.0,0.0,0.0
,,,,105 (Final) Cb5.9-D+1.4W,4.0,5.3,0.0,0.0,0.0,0.0
,,,,106 (Final) Cb5.10-D+1.4W,4.0,5.3,0.0,0.0,0.0,0.0
,,,,107 (Final) Cb5.11-D+1.4W,4.0,9.5,0.0,0.0,0.0,0.0
,,,,108 (Final) Cb5.12-D+1.4W,4.0,9.5,0.0,0.0,0.0,0.0
,,,,109 (Final) Cb5.13-D+1.4W,4.0,1.7,0.0,0.0,0.0,0.0
,,,,110 (Final) Cb5.14-D+1.4W,4.0,1.7,0.0,0.0,0.0,0.0
,,,,111 (Final) Cb5.15-D+1.4W,4.0,5.9,0.0,0.0,0.0,0.0
,,,,112 (Final) Cb5.16-D+1.4W,4.0,5.9,0.0,0.0,0.0,0.0
SUP 3/N',0.0000,SC 3/N' (UC 203x203x60),0.0000,38 Snow drift,8.4,0.0,0.0,0.0,0.0,0.0
,,,,39 Cb1-1.4D+1.6I+1.6RI,8.4,0.0,0.0,0.0,0.0,0.0
,,,,40 Cb1.1-1.4D+1.6I+1.6RI+NHFDir1+,8.4,0.0,0.0,0.0,0.0,0.0
,,,,41 Cb1.2-1.4D+1.6I+1.6RI+NHFDir1-,8.4,0.0,0.0,0.0,0.0,0.0
,,,,42 Cb1.3-1.4D+1.6I+1.6RI+NHFDir2+,8.4,0.0,0.0,0.0,0.0,0.0
,,,,43 Cb1.4-1.4D+1.6I+1.6RI+NHFDir2-,8.4,0.0,0.0,0.0,0.0,0.0
,,,,44 Cb3.1-1.2D+1.2I+1.2RI+1.2W,8.4,0.0,0.0,0.0,0.0,0.0
,,,,45 Cb3.2-1.2D+1.2I+1.2RI+1.2W,8.4,0.0,0.0,0.0,0.0,0.0
,,,,46 Cb3.3-1.2D+1.2I+1.2RI+1.2W,8.4,0.0,0.0,0.0,0.0,0.0
,,,,47 Cb3.4-1.2D+1.2I+1.2RI+1.2W,8.4,0.0,0.0,0.0,0.0,0.0
,,,,48 Cb3.5-1.2D+1.2I+1.2RI+1.2W,8.4,0.0,0.0,0.0,0.0,0.0
,,,,49 Cb3.6-1.2D+1.2I+1.2RI+1.2W,8.4,0.0,0.0,0.0,0.0,0.0
,,,,50 Cb3.7-1.2D+1.2I+1.2RI+1.2W,8.4,0.0,0.0,0.0,0.0,0.0
,,,,51 Cb3.8-1.2D+1.2I+1.2RI+1.2W,8.4,0.0,0.0,0.0,0.0,0.0
,,,,52 Cb3.9-1.2D+1.2I+1.2RI+1.2W,8.4,0.0,0.0,0.0,0.0,0.0
,,,,53 Cb3.10-1.2D+1.2I+1.2RI+1.2W,8.4,0.0,0.0,0.0,0.0,0.0
,,,,54 Cb3.11-1.2D+1.2I+1.2RI+1.2W,8.4,0.0,0.0,0.0,0.0,0.0
,,,,55 Cb3.12-1.2D+1.2I+1.2RI+1.2W,8.4,0.0,0.0,0.0,0.0,0.0
,,,,56 Cb3.13-1.2D+1.2I+1.2RI+1.2W,8.4,0.0,0.0,0.0,0.0,0.0
,,,,57 Cb3.14-1.2D+1.2I+1.2RI+1.2W,8.4,0.0,0.0,0.0,0.0,0.0
,,,,58 Cb3.15-1.2D+1.2I+1.2RI+1.2W,8.4,0.0,0.0,0.0,0.0,0.0
,,,,59 Cb3.16-1.2D+1.2I+1.2RI+1.2W,8.4,0.0,0.0,0.0,0.0,0.0
,,,,60 Cb5.1-D+1.4W,8.4,0.0,0.0,0.0,0.0,0.0
,,,,61 Cb5.2-D+1.4W,8.4,0.0,0.0,0.0,0.0,0.0
,,,,62 Cb5.3-D+1.4W,8.4,0.0,0.0,0.0,0.0,0.0
,,,,63 Cb5.4-D+1.4W,8.4,0.0,0.0,0.0,0.0,0.0
,,,,64 Cb5.5-D+1.4W,8.4,0.0,0.0,0.0,0.0,0.0
,,,,65 Cb5.6-D+1.4W,8.4,0.0,0.0,0.0,0.0,0.0
,,,,66 Cb5.7-D+1.4W,8.4,0.0,0.0,0.0,0.0,0.0
,,,,67 Cb5.8-D+1.4W,8.4,0.0,0.0,0.0,0.0,0.0
,,,,68 Cb5.9-D+1.4W,8.4,0.0,0.0,0.0,0.0,0.0
,,,,69 Cb5.10-D+1.4W,8.4,0.0,0.0,0.0,0.0,0.0
,,,,70 Cb5.11-D+1.4W,8.4,0.0,0.0,0.0,0.0,0.0
,,,,71 Cb5.12-D+1.4W,8.4,0.0,0.0,0.0,0.0,0.0
,,,,72 Cb5.13-D+1.4W,8.4,0.0,0.0,0.0,0.0,0.0
,,,,73 Cb5.14-D+1.4W,8.4,0.0,0.0,0.0,0.0,0.0
,,,,74 Cb5.15-D+1.4W,8.4,0.0,0.0,0.0,0.0,0.0
,,,,75 Cb5.16-D+1.4W,8.4,0.0,0.0,0.0,0.0,0.0
,,,,76 (Final) Cb1-1.4D+1.6I+1.6RI,8.4,0.0,0.0,0.0,0.0,0.0
,,,,77 (Final) Cb1.1-1.4D+1.6I+1.6RI+NHFDir1+,8.4,0.0,0.0,0.0,0.0,0.0
,,,,78 (Final) Cb1.2-1.4D+1.6I+1.6RI+NHFDir1-,8.4,0.0,0.0,0.0,0.0,0.0
,,,,79 (Final) Cb1.3-1.4D+1.6I+1.6RI+NHFDir2+,8.4,0.0,0.0,0.0,0.0,0.0
,,,,80 (Final) Cb1.4-1.4D+1.6I+1.6RI+NHFDir2-,8.4,0.0,0.0,0.0,0.0,0.0
,,,,81 (Final) Cb3.1-1.2D+1.2I+1.2RI+1.2W,8.4,-6.8,0.0,0.0,0.0,0.0
,,,,82 (Final) Cb3.2-1.2D+1.2I+1.2RI+1.2W,8.4,-6.8,0.0,0.0,0.0,0.0
,,,,83 (Final) Cb3.3-1.2D+1.2I+1.2RI+1.2W,8.4,-13.6,0.0,0.0,0.0,0.0
,,,,84 (Final) Cb3.4-1.2D+1.2I+1.2RI+1.2W,8.4,-13.6,0.0,0.0,0.0,0.0
,,,,85 (Final) Cb3.5-1.2D+1.2I+1.2RI+1.2W,8.4,-2.7,0.0,0.0,0.0,0.0
,,,,86 (Final) Cb3.6-1.2D+1.2I+1.2RI+1.2W,8.4,-2.7,0.0,0.0,0.0,0.0
,,,,87 (Final) Cb3.7-1.2D+1.2I+1.2RI+1.2W,8.4,-9.5,0.0,0.0,0.0,0.0
,,,,88 (Final) Cb3.8-1.2D+1.2I+1.2RI+1.2W,8.4,-9.5,0.0,0.0,0.0,0.0
,,,,89 (Final) Cb3.9-1.2D+1.2I+1.2RI+1.2W,8.4,-5.9,0.0,0.0,0.0,0.0
,,,,90 (Final) Cb3.10-1.2D+1.2I+1.2RI+1.2W,8.4,-5.9,0.0,0.0,0.0,0.0
,,,,91 (Final) Cb3.11-1.2D+1.2I+1.2RI+1.2W,8.4,-10.4,0.0,0.0,0.0,0.0
,,,,92 (Final) Cb3.12-1.2D+1.2I+1.2RI+1.2W,8.4,-10.4,0.0,0.0,0.0,0.0
,,,,93 (Final) Cb3.13-1.2D+1.2I+1.2RI+1.2W,8.4,10.3,0.0,0.0,0.0,0.0
,,,,94 (Final) Cb3.14-1.2D+1.2I+1.2RI+1.2W,8.4,10.3,0.0,0.0,0.0,0.0
,,,,95 (Final) Cb3.15-1.2D+1.2I+1.2RI+1.2W,8.4,5.8,0.0,0.0,0.0,0.0
,,,,96 (Final) Cb3.16-1.2D+1.2I+1.2RI+1.2W,8.4,5.8,0.0,0.0,0.0,0.0
,,,,97 (Final) Cb5.1-D+1.4W,8.4,-8.5,0.0,0.0,0.0,0.0
,,,,98 (Final) Cb5.2-D+1.4W,8.4,-8.5,0.0,0.0,0.0,0.0
,,,,99 (Final) Cb5.3-D+1.4W,8.4,-17.0,0.0,0.0,0.0,0.0
,,,,100 (Final) Cb5.4-D+1.4W,8.4,-17.0,0.0,0.0,0.0,0.0
,,,,101 (Final) Cb5.5-D+1.4W,8.4,-3.4,0.0,0.0,0.0,0.0
,,,,102 (Final) Cb5.6-D+1.4W,8.4,-3.4,0.0,0.0,0.0,0.0
,,,,103 (Final) Cb5.7-D+1.4W,8.4,-11.9,0.0,0.0,0.0,0.0
,,,,104 (Final) Cb5.8-D+1.4W,8.4,-11.9,0.0,0.0,0.0,0.0
,,,,105 (Final) Cb5.9-D+1.4W,8.4,-7.4,0.0,0.0,0.0,0.0
,,,,106 (Final) Cb5.10-D+1.4W,8.4,-7.4,0.0,0.0,0.0,0.0
,,,,107 (Final) Cb5.11-D+1.4W,8.4,-13.0,0.0,0.0,0.0,0.0
,,,,108 (Final) Cb5.12-D+1.4W,8.4,-13.0,0.0,0.0,0.0,0.0
,,,,109 (Final) Cb5.13-D+1.4W,8.4,12.8,0.0,0.0,0.0,0.0
,,,,110 (Final) Cb5.14-D+1.4W,8.4,12.8,0.0,0.0,0.0,0.0
,,,,111 (Final) Cb5.15-D+1.4W,8.4,7.3,0.0,0.0,0.0,0.0
,,,,112 (Final) Cb5.16-D+1.4W,8.4,7.3,0.0,0.0,0.0,0.0
SUP J/1,90.0000,Span 1 Lh Column (UC 203x203x60),90.0000,38 Snow drift,16.9,-2.5,-0.3,-0.2,0.0,0.0
,,,,39 Cb1-1.4D+1.6I+1.6RI,34.1,-5.7,-0.7,-0.8,0.0,0.0
,,,,40 Cb1.1-1.4D+1.6I+1.6RI+NHFDir1+,33.9,-5.3,-0.7,-1.1,0.0,0.0
,,,,41 Cb1.2-1.4D+1.6I+1.6RI+NHFDir1-,34.4,-6.0,-0.7,-0.5,0.0,0.0
,,,,42 Cb1.3-1.4D+1.6I+1.6RI+NHFDir2+,33.4,-5.6,-1.5,-0.8,0.0,0.0
,,,,43 Cb1.4-1.4D+1.6I+1.6RI+NHFDir2-,34.9,-5.7,0.1,-0.8,0.0,0.0
,,,,44 Cb3.1-1.2D+1.2I+1.2RI+1.2W,30.7,-5.0,-0.6,-0.7,0.0,0.0
,,,,45 Cb3.2-1.2D+1.2I+1.2RI+1.2W,30.7,-5.0,-0.6,-0.7,0.0,0.0
,,,,46 Cb3.3-1.2D+1.2I+1.2RI+1.2W,30.7,-5.0,-0.6,-0.7,0.0,0.0
,,,,47 Cb3.4-1.2D+1.2I+1.2RI+1.2W,30.7,-5.0,-0.6,-0.7,0.0,0.0
,,,,48 Cb3.5-1.2D+1.2I+1.2RI+1.2W,30.7,-5.0,-0.6,-0.7,0.0,0.0
,,,,49 Cb3.6-1.2D+1.2I+1.2RI+1.2W,30.7,-5.0,-0.6,-0.7,0.0,0.0
,,,,50 Cb3.7-1.2D+1.2I+1.2RI+1.2W,30.7,-5.0,-0.6,-0.7,0.0,0.0
,,,,51 Cb3.8-1.2D+1.2I+1.2RI+1.2W,30.7,-5.0,-0.6,-0.7,0.0,0.0
,,,,52 Cb3.9-1.2D+1.2I+1.2RI+1.2W,30.7,-5.0,-0.6,-0.7,0.0,0.0
,,,,53 Cb3.10-1.2D+1.2I+1.2RI+1.2W,30.7,-5.0,-0.6,-0.7,0.0,0.0
,,,,54 Cb3.11-1.2D+1.2I+1.2RI+1.2W,30.7,-5.0,-0.6,-0.7,0.0,0.0
,,,,55 Cb3.12-1.2D+1.2I+1.2RI+1.2W,30.7,-5.0,-0.6,-0.7,0.0,0.0
,,,,56 Cb3.13-1.2D+1.2I+1.2RI+1.2W,30.7,-5.0,-0.6,-0.7,0.0,0.0
,,,,57 Cb3.14-1.2D+1.2I+1.2RI+1.2W,30.7,-5.0,-0.6,-0.7,0.0,0.0
,,,,58 Cb3.15-1.2D+1.2I+1.2RI+1.2W,30.7,-5.0,-0.6,-0.7,0.0,0.0
,,,,59 Cb3.16-1.2D+1.2I+1.2RI+1.2W,30.7,-5.0,-0.6,-0.7,0.0,0.0
,,,,60 Cb5.1-D+1.4W,16.9,-2.5,-0.3,-0.2,0.0,0.0
,,,,61 Cb5.2-D+1.4W,16.9,-2.5,-0.3,-0.2,0.0,0.0
,,,,62 Cb5.3-D+1.4W,16.9,-2.5,-0.3,-0.2,0.0,0.0
,,,,63 Cb5.4-D+1.4W,16.9,-2.5,-0.3,-0.2,0.0,0.0
,,,,64 Cb5.5-D+1.4W,16.9,-2.5,-0.3,-0.2,0.0,0.0
,,,,65 Cb5.6-D+1.4W,16.9,-2.5,-0.3,-0.2,0.0,0.0
,,,,66 Cb5.7-D+1.4W,16.9,-2.5,-0.3,-0.2,0.0,0.0
,,,,67 Cb5.8-D+1.4W,16.9,-2.5,-0.3,-0.2,0.0,0.0
,,,,68 Cb5.9-D+1.4W,16.9,-2.5,-0.3,-0.2,0.0,0.0
,,,,69 Cb5.10-D+1.4W,16.9,-2.5,-0.3,-0.2,0.0,0.0
,,,,70 Cb5.11-D+1.4W,16.9,-2.5,-0.3,-0.2,0.0,0.0
,,,,71 Cb5.12-D+1.4W,16.9,-2.5,-0.3,-0.2,0.0,0.0
,,,,72 Cb5.13-D+1.4W,16.9,-2.5,-0.3,-0.2,0.0,0.0
,,,,73 Cb5.14-D+1.4W,16.9,-2.5,-0.3,-0.2,0.0,0.0
,,,,74 Cb5.15-D+1.4W,16.9,-2.5,-0.3,-0.2,0.0,0.0
,,,,75 Cb5.16-D+1.4W,16.9,-2.5,-0.3,-0.2,0.0,0.0
,,,,76 (Final) Cb1-1.4D+1.6I+1.6RI,34.1,-5.7,-0.7,-0.8,0.0,0.0
,,,,77 (Final) Cb1.1-1.4D+1.6I+1.6RI+NHFDir1+,33.9,-5.3,-0.7,-1.1,0.0,0.0
,,,,78 (Final) Cb1.2-1.4D+1.6I+1.6RI+NHFDir1-,34.4,-6.0,-0.7,-0.5,0.0,0.0
,,,,79 (Final) Cb1.3-1.4D+1.6I+1.6RI+NHFDir2+,33.4,-5.6,-1.5,-0.8,0.0,0.0
,,,,80 (Final) Cb1.4-1.4D+1.6I+1.6RI+NHFDir2-,34.9,-5.7,0.1,-0.8,0.0,0.0
,,,,81 (Final) Cb3.1-1.2D+1.2I+1.2RI+1.2W,34.3,11.8,10.3,-9.7,0.0,0.0
,,,,82 (Final) Cb3.2-1.2D+1.2I+1.2RI+1.2W,22.8,11.0,10.8,-7.0,0.0,0.0
,,,,83 (Final) Cb3.3-1.2D+1.2I+1.2RI+1.2W,31.1,9.2,19.0,-8.9,0.0,0.0
,,,,84 (Final) Cb3.4-1.2D+1.2I+1.2RI+1.2W,19.6,8.4,19.6,-6.2,0.0,0.0
,,,,85 (Final) Cb3.5-1.2D+1.2I+1.2RI+1.2W,15.3,-7.6,-26.4,-4.0,0.0,0.0
,,,,86 (Final) Cb3.6-1.2D+1.2I+1.2RI+1.2W,-0.9,-7.5,-26.1,-1.0,0.0,0.0
,,,,87 (Final) Cb3.7-1.2D+1.2I+1.2RI+1.2W,11.9,-9.9,-17.6,-3.3,0.0,0.0
,,,,88 (Final) Cb3.8-1.2D+1.2I+1.2RI+1.2W,-4.2,-9.7,-17.3,-0.3,0.0,0.0
,,,,89 (Final) Cb3.9-1.2D+1.2I+1.2RI+1.2W,35.1,-14.3,5.7,7.4,0.0,0.0
,,,,90 (Final) Cb3.10-1.2D+1.2I+1.2RI+1.2W,35.1,-14.3,5.7,7.4,0.0,0.0
,,,,91 (Final) Cb3.11-1.2D+1.2I+1.2RI+1.2W,33.0,-16.0,11.5,8.0,0.0,0.0
,,,,92 (Final) Cb3.12-1.2D+1.2I+1.2RI+1.2W,33.0,-16.0,11.5,8.0,0.0,0.0
,,,,93 (Final) Cb3.13-1.2D+1.2I+1.2RI+1.2W,38.4,-3.6,7.0,-3.3,0.0,0.0
,,,,94 (Final) Cb3.14-1.2D+1.2I+1.2RI+1.2W,32.0,-4.0,7.4,-1.5,0.0,0.0
,,,,95 (Final) Cb3.15-1.2D+1.2I+1.2RI+1.2W,36.3,-5.3,12.7,-2.8,0.0,0.0
,,,,96 (Final) Cb3.16-1.2D+1.2I+1.2RI+1.2W,29.8,-5.7,13.2,-1.0,0.0,0.0
,,,,97 (Final) Cb5.1-D+1.4W,21.4,18.5,13.4,-11.5,0.0,0.0
,,,,98 (Final) Cb5.2-D+1.4W,7.1,17.5,14.0,-8.1,0.0,0.0
,,,,99 (Final) Cb5.3-D+1.4W,17.4,15.3,24.3,-10.5,0.0,0.0
,,,,100 (Final) Cb5.4-D+1.4W,3.0,14.3,25.0,-7.2,0.0,0.0
,,,,101 (Final) Cb5.5-D+1.4W,-2.4,-5.8,-32.5,-4.3,0.0,0.0
,,,,102 (Final) Cb5.6-D+1.4W,-22.5,-5.6,-32.1,-0.6,0.0,0.0
,,,,103 (Final) Cb5.7-D+1.4W,-6.6,-8.5,-21.5,-3.5,0.0,0.0
,,,,104 (Final) Cb5.8-D+1.4W,-26.7,-8.3,-21.1,0.2,0.0,0.0
,,,,105 (Final) Cb5.9-D+1.4W,22.5,-14.0,7.6,9.9,0.0,0.0
,,,,106 (Final) Cb5.10-D+1.4W,22.5,-14.0,7.6,9.9,0.0,0.0
,,,,107 (Final) Cb5.11-D+1.4W,19.8,-16.2,14.9,10.6,0.0,0.0
,,,,108 (Final) Cb5.12-D+1.4W,19.8,-16.2,14.9,10.6,0.0,0.0
,,,,109 (Final) Cb5.13-D+1.4W,26.6,-0.8,9.2,-3.5,0.0,0.0
,,,,110 (Final) Cb5.14-D+1.4W,18.5,-1.2,9.7,-1.2,0.0,0.0
,,,,111 (Final) Cb5.15-D+1.4W,23.9,-2.9,16.4,-2.9,0.0,0.0
,,,,112 (Final) Cb5.16-D+1.4W,15.9,-3.3,17.0,-0.6,0.0,0.0
SUP J/4,-90.0000,Span 1 Rh Column (UC 203x203x60),-90.0000,38 Snow drift,19.6,-3.1,-0.3,1.7,0.0,0.0
,,,,39 Cb1-1.4D+1.6I+1.6RI,39.1,-7.6,-0.9,4.3,0.0,0.0
,,,,40 Cb1.1-1.4D+1.6I+1.6RI+NHFDir1+,39.3,-7.8,-0.9,4.5,0.0,0.0
,,,,41 Cb1.2-1.4D+1.6I+1.6RI+NHFDir1-,38.8,-7.4,-0.8,4.1,0.0,0.0
,,,,42 Cb1.3-1.4D+1.6I+1.6RI+NHFDir2+,38.0,-7.6,-0.1,4.3,0.0,0.0
,,,,43 Cb1.4-1.4D+1.6I+1.6RI+NHFDir2-,40.1,-7.6,-1.6,4.3,0.0,0.0
,,,,44 Cb3.1-1.2D+1.2I+1.2RI+1.2W,35.2,-6.7,-0.7,3.8,0.0,0.0
,,,,45 Cb3.2-1.2D+1.2I+1.2RI+1.2W,35.2,-6.7,-0.7,3.8,0.0,0.0
,,,,46 Cb3.3-1.2D+1.2I+1.2RI+1.2W,35.2,-6.7,-0.7,3.8,0.0,0.0
,,,,47 Cb3.4-1.2D+1.2I+1.2RI+1.2W,35.2,-6.7,-0.7,3.8,0.0,0.0
,,,,48 Cb3.5-1.2D+1.2I+1.2RI+1.2W,35.2,-6.7,-0.7,3.8,0.0,0.0
,,,,49 Cb3.6-1.2D+1.2I+1.2RI+1.2W,35.2,-6.7,-0.7,3.8,0.0,0.0
,,,,50 Cb3.7-1.2D+1.2I+1.2RI+1.2W,35.2,-6.7,-0.7,3.8,0.0,0.0
,,,,51 Cb3.8-1.2D+1.2I+1.2RI+1.2W,35.2,-6.7,-0.7,3.8,0.0,0.0
,,,,52 Cb3.9-1.2D+1.2I+1.2RI+1.2W,35.2,-6.7,-0.7,3.8,0.0,0.0
,,,,53 Cb3.10-1.2D+1.2I+1.2RI+1.2W,35.2,-6.7,-0.7,3.8,0.0,0.0
,,,,54 Cb3.11-1.2D+1.2I+1.2RI+1.2W,35.2,-6.7,-0.7,3.8,0.0,0.0
,,,,55 Cb3.12-1.2D+1.2I+1.2RI+1.2W,35.2,-6.7,-0.7,3.8,0.0,0.0
,,,,56 Cb3.13-1.2D+1.2I+1.2RI+1.2W,35.2,-6.7,-0.7,3.8,0.0,0.0
,,,,57 Cb3.14-1.2D+1.2I+1.2RI+1.2W,35.2,-6.7,-0.7,3.8,0.0,0.0
,,,,58 Cb3.15-1.2D+1.2I+1.2RI+1.2W,35.2,-6.7,-0.7,3.8,0.0,0.0
,,,,59 Cb3.16-1.2D+1.2I+1.2RI+1.2W,35.2,-6.7,-0.7,3.8,0.0,0.0
,,,,60 Cb5.1-D+1.4W,19.6,-3.1,-0.3,1.7,0.0,0.0
,,,,61 Cb5.2-D+1.4W,19.6,-3.1,-0.3,1.7,0.0,0.0
,,,,62 Cb5.3-D+1.4W,19.6,-3.1,-0.3,1.7,0.0,0.0
,,,,63 Cb5.4-D+1.4W,19.6,-3.1,-0.3,1.7,0.0,0.0
,,,,64 Cb5.5-D+1.4W,19.6,-3.1,-0.3,1.7,0.0,0.0
,,,,65 Cb5.6-D+1.4W,19.6,-3.1,-0.3,1.7,0.0,0.0
,,,,66 Cb5.7-D+1.4W,19.6,-3.1,-0.3,1.7,0.0,0.0
,,,,67 Cb5.8-D+1.4W,19.6,-3.1,-0.3,1.7,0.0,0.0
,,,,68 Cb5.9-D+1.4W,19.6,-3.1,-0.3,1.7,0.0,0.0
,,,,69 Cb5.10-D+1.4W,19.6,-3.1,-0.3,1.7,0.0,0.0
,,,,70 Cb5.11-D+1.4W,19.6,-3.1,-0.3,1.7,0.0,0.0
,,,,71 Cb5.12-D+1.4W,19.6,-3.1,-0.3,1.7,0.0,0.0
,,,,72 Cb5.13-D+1.4W,19.6,-3.1,-0.3,1.7,0.0,0.0
,,,,73 Cb5.14-D+1.4W,19.6,-3.1,-0.3,1.7,0.0,0.0
,,,,74 Cb5.15-D+1.4W,19.6,-3.1,-0.3,1.7,0.0,0.0
,,,,75 Cb5.16-D+1.4W,19.6,-3.1,-0.3,1.7,0.0,0.0
,,,,76 (Final) Cb1-1.4D+1.6I+1.6RI,39.1,-7.6,-0.9,4.3,0.0,0.0
,,,,77 (Final) Cb1.1-1.4D+1.6I+1.6RI+NHFDir1+,39.3,-7.8,-0.9,4.5,0.0,0.0
,,,,78 (Final) Cb1.2-1.4D+1.6I+1.6RI+NHFDir1-,38.8,-7.4,-0.8,4.1,0.0,0.0
,,,,79 (Final) Cb1.3-1.4D+1.6I+1.6RI+NHFDir2+,38.0,-7.6,-0.1,4.3,0.0,0.0
,,,,80 (Final) Cb1.4-1.4D+1.6I+1.6RI+NHFDir2-,40.1,-7.6,-1.6,4.3,0.0,0.0
,,,,81 (Final) Cb3.1-1.2D+1.2I+1.2RI+1.2W,54.1,-14.9,-9.5,9.7,0.0,0.0
,,,,82 (Final) Cb3.2-1.2D+1.2I+1.2RI+1.2W,41.0,-10.9,-8.9,6.9,0.0,0.0
,,,,83 (Final) Cb3.3-1.2D+1.2I+1.2RI+1.2W,52.1,-16.7,-17.7,8.2,0.0,0.0
,,,,84 (Final) Cb3.4-1.2D+1.2I+1.2RI+1.2W,39.0,-12.7,-17.1,5.4,0.0,0.0
,,,,85 (Final) Cb3.5-1.2D+1.2I+1.2RI+1.2W,18.2,-17.0,25.3,6.4,0.0,0.0
,,,,86 (Final) Cb3.6-1.2D+1.2I+1.2RI+1.2W,-3.9,-11.2,25.7,2.5,0.0,0.0
,,,,87 (Final) Cb3.7-1.2D+1.2I+1.2RI+1.2W,16.3,-18.9,17.1,5.0,0.0,0.0
,,,,88 (Final) Cb3.8-1.2D+1.2I+1.2RI+1.2W,-5.8,-13.0,17.4,1.0,0.0,0.0
,,,,89 (Final) Cb3.9-1.2D+1.2I+1.2RI+1.2W,23.8,5.5,-7.8,-1.8,0.0,0.0
,,,,90 (Final) Cb3.10-1.2D+1.2I+1.2RI+1.2W,23.8,5.5,-7.8,-1.8,0.0,0.0
,,,,91 (Final) Cb3.11-1.2D+1.2I+1.2RI+1.2W,22.5,4.3,-13.3,-2.8,0.0,0.0
,,,,92 (Final) Cb3.12-1.2D+1.2I+1.2RI+1.2W,22.5,4.3,-13.3,-2.8,0.0,0.0
,,,,93 (Final) Cb3.13-1.2D+1.2I+1.2RI+1.2W,51.5,-11.8,-9.7,5.8,0.0,0.0
,,,,94 (Final) Cb3.14-1.2D+1.2I+1.2RI+1.2W,41.3,-8.8,-9.2,3.7,0.0,0.0
,,,,95 (Final) Cb3.15-1.2D+1.2I+1.2RI+1.2W,50.1,-13.0,-15.1,4.8,0.0,0.0
,,,,96 (Final) Cb3.16-1.2D+1.2I+1.2RI+1.2W,39.9,-10.0,-14.6,2.7,0.0,0.0
,,,,97 (Final) Cb5.1-D+1.4W,43.3,-13.4,-11.2,9.2,0.0,0.0
,,,,98 (Final) Cb5.2-D+1.4W,26.9,-8.4,-10.5,5.6,0.0,0.0
,,,,99 (Final) Cb5.3-D+1.4W,40.7,-15.6,-21.5,7.3,0.0,0.0
,,,,100 (Final) Cb5.4-D+1.4W,24.4,-10.6,-20.7,3.7,0.0,0.0
,,,,101 (Final) Cb5.5-D+1.4W,-1.6,-16.0,32.3,5.0,0.0,0.0
,,,,102 (Final) Cb5.6-D+1.4W,-29.2,-8.8,32.7,0.1,0.0,0.0
,,,,103 (Final) Cb5.7-D+1.4W,-4.1,-18.3,22.0,3.2,0.0,0.0
,,,,104 (Final) Cb5.8-D+1.4W,-31.6,-11.1,22.4,-1.7,0.0,0.0
,,,,105 (Final) Cb5.9-D+1.4W,5.4,12.1,-9.2,-5.2,0.0,0.0
,,,,106 (Final) Cb5.10-D+1.4W,5.4,12.1,-9.2,-5.2,0.0,0.0
,,,,107 (Final) Cb5.11-D+1.4W,3.7,10.7,-16.0,-6.4,0.0,0.0
,,,,108 (Final) Cb5.12-D+1.4W,3.7,10.7,-16.0,-6.4,0.0,0.0
,,,,109 (Final) Cb5.13-D+1.4W,40.0,-9.5,-11.5,4.2,0.0,0.0
,,,,110 (Final) Cb5.14-D+1.4W,27.2,-5.8,-10.9,1.6,0.0,0.0
,,,,111 (Final) Cb5.15-D+1.4W,38.3,-11.0,-18.2,3.0,0.0,0.0
,,,,112 (Final) Cb5.16-D+1.4W,25.6,-7.2,-17.7,0.4,0.0,0.0
SUP K'/1,90.0000,Span 1 Lh Column (UC 203x203x60),90.0000,38 Snow drift,27.0,-5.3,0.0,0.6,0.0,0.0
,,,,39 Cb1-1.4D+1.6I+1.6RI,64.5,-14.2,0.0,1.6,0.0,0.0
,,,,40 Cb1.1-1.4D+1.6I+1.6RI+NHFDir1+,64.4,-13.9,0.0,1.3,0.0,0.0
,,,,41 Cb1.2-1.4D+1.6I+1.6RI+NHFDir1-,64.7,-14.5,0.0,1.9,0.0,0.0
,,,,42 Cb1.3-1.4D+1.6I+1.6RI+NHFDir2+,65.3,-14.2,0.0,1.6,0.0,0.0
,,,,43 Cb1.4-1.4D+1.6I+1.6RI+NHFDir2-,63.8,-14.2,0.0,1.6,0.0,0.0
,,,,44 Cb3.1-1.2D+1.2I+1.2RI+1.2W,57.0,-12.4,0.0,1.4,0.0,0.0
,,,,45 Cb3.2-1.2D+1.2I+1.2RI+1.2W,57.0,-12.4,0.0,1.4,0.0,0.0
,,,,46 Cb3.3-1.2D+1.2I+1.2RI+1.2W,57.0,-12.4,0.0,1.4,0.0,0.0
,,,,47 Cb3.4-1.2D+1.2I+1.2RI+1.2W,57.0,-12.4,0.0,1.4,0.0,0.0
,,,,48 Cb3.5-1.2D+1.2I+1.2RI+1.2W,57.0,-12.4,0.0,1.4,0.0,0.0
,,,,49 Cb3.6-1.2D+1.2I+1.2RI+1.2W,57.0,-12.4,0.0,1.4,0.0,0.0
,,,,50 Cb3.7-1.2D+1.2I+1.2RI+1.2W,57.0,-12.4,0.0,1.4,0.0,0.0
,,,,51 Cb3.8-1.2D+1.2I+1.2RI+1.2W,57.0,-12.4,0.0,1.4,0.0,0.0
,,,,52 Cb3.9-1.2D+1.2I+1.2RI+1.2W,57.0,-12.4,0.0,1.4,0.0,0.0
,,,,53 Cb3.10-1.2D+1.2I+1.2RI+1.2W,57.0,-12.4,0.0,1.4,0.0,0.0
,,,,54 Cb3.11-1.2D+1.2I+1.2RI+1.2W,57.0,-12.4,0.0,1.4,0.0,0.0
,,,,55 Cb3.12-1.2D+1.2I+1.2RI+1.2W,57.0,-12.4,0.0,1.4,0.0,0.0
,,,,56 Cb3.13-1.2D+1.2I+1.2RI+1.2W,57.0,-12.4,0.0,1.4,0.0,0.0
,,,,57 Cb3.14-1.2D+1.2I+1.2RI+1.2W,57.0,-12.4,0.0,1.4,0.0,0.0
,,,,58 Cb3.15-1.2D+1.2I+1.2RI+1.2W,57.0,-12.4,0.0,1.4,0.0,0.0
,,,,59 Cb3.16-1.2D+1.2I+1.2RI+1.2W,57.0,-12.4,0.0,1.4,0.0,0.0
,,,,60 Cb5.1-D+1.4W,27.0,-5.3,0.0,0.6,0.0,0.0
,,,,61 Cb5.2-D+1.4W,27.0,-5.3,0.0,0.6,0.0,0.0
,,,,62 Cb5.3-D+1.4W,27.0,-5.3,0.0,0.6,0.0,0.0
,,,,63 Cb5.4-D+1.4W,27.0,-5.3,0.0,0.6,0.0,0.0
,,,,64 Cb5.5-D+1.4W,27.0,-5.3,0.0,0.6,0.0,0.0
,,,,65 Cb5.6-D+1.4W,27.0,-5.3,0.0,0.6,0.0,0.0
,,,,66 Cb5.7-D+1.4W,27.0,-5.3,0.0,0.6,0.0,0.0
,,,,67 Cb5.8-D+1.4W,27.0,-5.3,0.0,0.6,0.0,0.0
,,,,68 Cb5.9-D+1.4W,27.0,-5.3,0.0,0.6,0.0,0.0
,,,,69 Cb5.10-D+1.4W,27.0,-5.3,0.0,0.6,0.0,0.0
,,,,70 Cb5.11-D+1.4W,27.0,-5.3,0.0,0.6,0.0,0.0
,,,,71 Cb5.12-D+1.4W,27.0,-5.3,0.0,0.6,0.0,0.0
,,,,72 Cb5.13-D+1.4W,27.0,-5.3,0.0,0.6,0.0,0.0
,,,,73 Cb5.14-D+1.4W,27.0,-5.3,0.0,0.6,0.0,0.0
,,,,74 Cb5.15-D+1.4W,27.0,-5.3,0.0,0.6,0.0,0.0
,,,,75 Cb5.16-D+1.4W,27.0,-5.3,0.0,0.6,0.0,0.0
,,,,76 (Final) Cb1-1.4D+1.6I+1.6RI,64.5,-14.2,0.0,1.6,0.0,0.0
,,,,77 (Final) Cb1.1-1.4D+1.6I+1.6RI+NHFDir1+,64.4,-13.9,0.0,1.3,0.0,0.0
,,,,78 (Final) Cb1.2-1.4D+1.6I+1.6RI+NHFDir1-,64.7,-14.5,0.0,1.9,0.0,0.0
,,,,79 (Final) Cb1.3-1.4D+1.6I+1.6RI+NHFDir2+,65.3,-14.2,0.0,1.6,0.0,0.0
,,,,80 (Final) Cb1.4-1.4D+1.6I+1.6RI+NHFDir2-,63.8,-14.2,0.0,1.6,0.0,0.0
,,,,81 (Final) Cb3.1-1.2D+1.2I+1.2RI+1.2W,58.1,10.1,0.0,-7.3,0.0,0.0
,,,,82 (Final) Cb3.2-1.2D+1.2I+1.2RI+1.2W,31.7,12.7,0.0,-5.5,0.0,0.0
,,,,83 (Final) Cb3.3-1.2D+1.2I+1.2RI+1.2W,35.0,6.9,0.0,-7.3,0.0,0.0
,,,,84 (Final) Cb3.4-1.2D+1.2I+1.2RI+1.2W,8.6,9.5,0.0,-5.6,0.0,0.0
,,,,85 (Final) Cb3.5-1.2D+1.2I+1.2RI+1.2W,83.3,-19.0,0.0,-1.0,0.0,0.0
,,,,86 (Final) Cb3.6-1.2D+1.2I+1.2RI+1.2W,58.6,-16.1,0.0,1.2,0.0,0.0
,,,,87 (Final) Cb3.7-1.2D+1.2I+1.2RI+1.2W,60.0,-21.6,0.0,-1.3,0.0,0.0
,,,,88 (Final) Cb3.8-1.2D+1.2I+1.2RI+1.2W,35.3,-18.8,0.0,1.0,0.0,0.0
,,,,89 (Final) Cb3.9-1.2D+1.2I+1.2RI+1.2W,47.3,-20.6,0.0,8.9,0.0,0.0
,,,,90 (Final) Cb3.10-1.2D+1.2I+1.2RI+1.2W,47.3,-20.6,0.0,8.9,0.0,0.0
,,,,91 (Final) Cb3.11-1.2D+1.2I+1.2RI+1.2W,32.0,-22.8,0.0,8.9,0.0,0.0
,,,,92 (Final) Cb3.12-1.2D+1.2I+1.2RI+1.2W,32.0,-22.8,0.0,8.9,0.0,0.0
,,,,93 (Final) Cb3.13-1.2D+1.2I+1.2RI+1.2W,55.9,-13.0,0.0,-1.1,0.0,0.0
,,,,94 (Final) Cb3.14-1.2D+1.2I+1.2RI+1.2W,39.6,-10.8,0.0,0.0,0.0,0.0
,,,,95 (Final) Cb3.15-1.2D+1.2I+1.2RI+1.2W,40.7,-15.1,0.0,-1.1,0.0,0.0
,,,,96 (Final) Cb3.16-1.2D+1.2I+1.2RI+1.2W,24.5,-12.9,0.0,0.0,0.0,0.0
,,,,97 (Final) Cb5.1-D+1.4W,28.3,22.8,0.0,-10.2,0.0,0.0
,,,,98 (Final) Cb5.2-D+1.4W,-4.7,26.1,0.0,-8.1,0.0,0.0
,,,,99 (Final) Cb5.3-D+1.4W,-0.5,18.9,0.0,-10.3,0.0,0.0
,,,,100 (Final) Cb5.4-D+1.4W,-33.5,22.1,0.0,-8.2,0.0,0.0
,,,,101 (Final) Cb5.5-D+1.4W,59.8,-13.5,0.0,-2.5,0.0,0.0
,,,,102 (Final) Cb5.6-D+1.4W,29.0,-9.9,0.0,0.4,0.0,0.0
,,,,103 (Final) Cb5.7-D+1.4W,30.7,-16.8,0.0,-2.8,0.0,0.0
,,,,104 (Final) Cb5.8-D+1.4W,-0.1,-13.3,0.0,0.1,0.0,0.0
,,,,105 (Final) Cb5.9-D+1.4W,14.9,-15.6,0.0,10.0,0.0,0.0
,,,,106 (Final) Cb5.10-D+1.4W,14.9,-15.6,0.0,10.0,0.0,0.0
,,,,107 (Final) Cb5.11-D+1.4W,-4.3,-18.2,0.0,9.9,0.0,0.0
,,,,108 (Final) Cb5.12-D+1.4W,-4.3,-18.2,0.0,9.9,0.0,0.0
,,,,109 (Final) Cb5.13-D+1.4W,25.6,-6.1,0.0,-2.5,0.0,0.0
,,,,110 (Final) Cb5.14-D+1.4W,5.3,-3.3,0.0,-1.1,0.0,0.0
,,,,111 (Final) Cb5.15-D+1.4W,6.6,-8.7,0.0,-2.6,0.0,0.0
,,,,112 (Final) Cb5.16-D+1.4W,-13.7,-5.9,0.0,-1.2,0.0,0.0
SUP K'/4,-90.0000,Span 1 Rh Column (UC 203x203x60),-90.0000,38 Snow drift,27.4,-4.7,0.0,2.4,0.0,0.0
,,,,39 Cb1-1.4D+1.6I+1.6RI,62.7,-12.3,0.0,6.2,0.0,0.0
,,,,40 Cb1.1-1.4D+1.6I+1.6RI+NHFDir1+,62.9,-12.4,0.0,6.3,0.0,0.0
,,,,41 Cb1.2-1.4D+1.6I+1.6RI+NHFDir1-,62.6,-12.1,0.0,6.0,0.0,0.0
,,,,42 Cb1.3-1.4D+1.6I+1.6RI+NHFDir2+,63.8,-12.3,0.0,6.2,0.0,0.0
,,,,43 Cb1.4-1.4D+1.6I+1.6RI+NHFDir2-,61.7,-12.3,0.0,6.2,0.0,0.0
,,,,44 Cb3.1-1.2D+1.2I+1.2RI+1.2W,55.7,-10.8,0.0,5.4,0.0,0.0
,,,,45 Cb3.2-1.2D+1.2I+1.2RI+1.2W,55.7,-10.8,0.0,5.4,0.0,0.0
,,,,46 Cb3.3-1.2D+1.2I+1.2RI+1.2W,55.7,-10.8,0.0,5.4,0.0,0.0
,,,,47 Cb3.4-1.2D+1.2I+1.2RI+1.2W,55.7,-10.8,0.0,5.4,0.0,0.0
,,,,48 Cb3.5-1.2D+1.2I+1.2RI+1.2W,55.7,-10.8,0.0,5.4,0.0,0.0
,,,,49 Cb3.6-1.2D+1.2I+1.2RI+1.2W,55.7,-10.8,0.0,5.4,0.0,0.0
,,,,50 Cb3.7-1.2D+1.2I+1.2RI+1.2W,55.7,-10.8,0.0,5.4,0.0,0.0
,,,,51 Cb3.8-1.2D+1.2I+1.2RI+1.2W,55.7,-10.8,0.0,5.4,0.0,0.0
,,,,52 Cb3.9-1.2D+1.2I+1.2RI+1.2W,55.7,-10.8,0.0,5.4,0.0,0.0
,,,,53 Cb3.10-1.2D+1.2I+1.2RI+1.2W,55.7,-10.8,0.0,5.4,0.0,0.0
,,,,54 Cb3.11-1.2D+1.2I+1.2RI+1.2W,55.7,-10.8,0.0,5.4,0.0,0.0
,,,,55 Cb3.12-1.2D+1.2I+1.2RI+1.2W,55.7,-10.8,0.0,5.4,0.0,0.0
,,,,56 Cb3.13-1.2D+1.2I+1.2RI+1.2W,55.7,-10.8,0.0,5.4,0.0,0.0
,,,,57 Cb3.14-1.2D+1.2I+1.2RI+1.2W,55.7,-10.8,0.0,5.4,0.0,0.0
,,,,58 Cb3.15-1.2D+1.2I+1.2RI+1.2W,55.7,-10.8,0.0,5.4,0.0,0.0
,,,,59 Cb3.16-1.2D+1.2I+1.2RI+1.2W,55.7,-10.8,0.0,5.4,0.0,0.0
,,,,60 Cb5.1-D+1.4W,27.4,-4.7,0.0,2.4,0.0,0.0
,,,,61 Cb5.2-D+1.4W,27.4,-4.7,0.0,2.4,0.0,0.0
,,,,62 Cb5.3-D+1.4W,27.4,-4.7,0.0,2.4,0.0,0.0
,,,,63 Cb5.4-D+1.4W,27.4,-4.7,0.0,2.4,0.0,0.0
,,,,64 Cb5.5-D+1.4W,27.4,-4.7,0.0,2.4,0.0,0.0
,,,,65 Cb5.6-D+1.4W,27.4,-4.7,0.0,2.4,0.0,0.0
,,,,66 Cb5.7-D+1.4W,27.4,-4.7,0.0,2.4,0.0,0.0
,,,,67 Cb5.8-D+1.4W,27.4,-4.7,0.0,2.4,0.0,0.0
,,,,68 Cb5.9-D+1.4W,27.4,-4.7,0.0,2.4,0.0,0.0
,,,,69 Cb5.10-D+1.4W,27.4,-4.7,0.0,2.4,0.0,0.0
,,,,70 Cb5.11-D+1.4W,27.4,-4.7,0.0,2.4,0.0,0.0
,,,,71 Cb5.12-D+1.4W,27.4,-4.7,0.0,2.4,0.0,0.0
,,,,72 Cb5.13-D+1.4W,27.4,-4.7,0.0,2.4,0.0,0.0
,,,,73 Cb5.14-D+1.4W,27.4,-4.7,0.0,2.4,0.0,0.0
,,,,74 Cb5.15-D+1.4W,27.4,-4.7,0.0,2.4,0.0,0.0
,,,,75 Cb5.16-D+1.4W,27.4,-4.7,0.0,2.4,0.0,0.0
,,,,76 (Final) Cb1-1.4D+1.6I+1.6RI,62.7,-12.3,0.0,6.2,0.0,0.0
,,,,77 (Final) Cb1.1-1.4D+1.6I+1.6RI+NHFDir1+,62.9,-12.4,0.0,6.3,0.0,0.0
,,,,78 (Final) Cb1.2-1.4D+1.6I+1.6RI+NHFDir1-,62.6,-12.1,0.0,6.0,0.0,0.0
,,,,79 (Final) Cb1.3-1.4D+1.6I+1.6RI+NHFDir2+,63.8,-12.3,0.0,6.2,0.0,0.0
,,,,80 (Final) Cb1.4-1.4D+1.6I+1.6RI+NHFDir2-,61.7,-12.3,0.0,6.2,0.0,0.0
,,,,81 (Final) Cb3.1-1.2D+1.2I+1.2RI+1.2W,65.6,-21.7,0.0,11.8,0.0,0.0
,,,,82 (Final) Cb3.2-1.2D+1.2I+1.2RI+1.2W,44.0,-15.9,0.0,8.2,0.0,0.0
,,,,83 (Final) Cb3.3-1.2D+1.2I+1.2RI+1.2W,42.6,-26.1,0.0,9.8,0.0,0.0
,,,,84 (Final) Cb3.4-1.2D+1.2I+1.2RI+1.2W,21.1,-20.3,0.0,6.2,0.0,0.0
,,,,85 (Final) Cb3.5-1.2D+1.2I+1.2RI+1.2W,95.5,-24.0,0.0,8.2,0.0,0.0
,,,,86 (Final) Cb3.6-1.2D+1.2I+1.2RI+1.2W,67.7,-16.7,0.0,3.7,0.0,0.0
,,,,87 (Final) Cb3.7-1.2D+1.2I+1.2RI+1.2W,72.5,-28.5,0.0,6.3,0.0,0.0
,,,,88 (Final) Cb3.8-1.2D+1.2I+1.2RI+1.2W,44.7,-21.2,0.0,1.7,0.0,0.0
,,,,89 (Final) Cb3.9-1.2D+1.2I+1.2RI+1.2W,27.6,8.4,0.0,-0.6,0.0,0.0
,,,,90 (Final) Cb3.10-1.2D+1.2I+1.2RI+1.2W,27.6,8.4,0.0,-0.6,0.0,0.0
,,,,91 (Final) Cb3.11-1.2D+1.2I+1.2RI+1.2W,12.3,5.5,0.0,-1.9,0.0,0.0
,,,,92 (Final) Cb3.12-1.2D+1.2I+1.2RI+1.2W,12.3,5.5,0.0,-1.9,0.0,0.0
,,,,93 (Final) Cb3.13-1.2D+1.2I+1.2RI+1.2W,54.8,-19.3,0.0,7.7,0.0,0.0
,,,,94 (Final) Cb3.14-1.2D+1.2I+1.2RI+1.2W,37.7,-14.9,0.0,5.1,0.0,0.0
,,,,95 (Final) Cb3.15-1.2D+1.2I+1.2RI+1.2W,39.7,-22.2,0.0,6.4,0.0,0.0
,,,,96 (Final) Cb3.16-1.2D+1.2I+1.2RI+1.2W,22.6,-17.8,0.0,3.7,0.0,0.0
,,,,97 (Final) Cb5.1-D+1.4W,39.7,-18.4,0.0,10.4,0.0,0.0
,,,,98 (Final) Cb5.2-D+1.4W,12.8,-11.0,0.0,5.8,0.0,0.0
,,,,99 (Final) Cb5.3-D+1.4W,11.1,-23.9,0.0,7.8,0.0,0.0
,,,,100 (Final) Cb5.4-D+1.4W,-15.9,-16.6,0.0,3.3,0.0,0.0
,,,,101 (Final) Cb5.5-D+1.4W,77.2,-21.2,0.0,5.9,0.0,0.0
,,,,102 (Final) Cb5.6-D+1.4W,42.4,-12.1,0.0,0.2,0.0,0.0
,,,,103 (Final) Cb5.7-D+1.4W,48.4,-26.9,0.0,3.4,0.0,0.0
,,,,104 (Final) Cb5.8-D+1.4W,13.6,-17.8,0.0,-2.2,0.0,0.0
,,,,105 (Final) Cb5.9-D+1.4W,-7.7,19.3,0.0,-5.1,0.0,0.0
,,,,106 (Final) Cb5.10-D+1.4W,-7.7,19.3,0.0,-5.1,0.0,0.0
,,,,107 (Final) Cb5.11-D+1.4W,-26.8,15.6,0.0,-6.8,0.0,0.0
,,,,108 (Final) Cb5.12-D+1.4W,-26.8,15.6,0.0,-6.8,0.0,0.0
,,,,109 (Final) Cb5.13-D+1.4W,26.3,-15.4,0.0,5.3,0.0,0.0
,,,,110 (Final) Cb5.14-D+1.4W,4.9,-9.8,0.0,1.9,0.0,0.0
,,,,111 (Final) Cb5.15-D+1.4W,7.4,-19.0,0.0,3.6,0.0,0.0
,,,,112 (Final) Cb5.16-D+1.4W,-14.0,-13.5,0.0,0.2,0.0,0.0
SUP L'/1,90.0000,Span 1 Lh Column (UC 203x203x60),90.0000,38 Snow drift,25.0,-4.8,0.0,0.6,0.0,0.0
,,,,39 Cb1-1.4D+1.6I+1.6RI,61.8,-13.6,0.0,1.6,0.0,0.0
,,,,40 Cb1.1-1.4D+1.6I+1.6RI+NHFDir1+,61.6,-13.2,0.0,1.3,0.0,0.0
,,,,41 Cb1.2-1.4D+1.6I+1.6RI+NHFDir1-,62.1,-14.0,0.0,2.0,0.0,0.0
,,,,42 Cb1.3-1.4D+1.6I+1.6RI+NHFDir2+,61.8,-13.6,0.0,1.6,0.0,0.0
,,,,43 Cb1.4-1.4D+1.6I+1.6RI+NHFDir2-,61.8,-13.6,0.0,1.6,0.0,0.0
,,,,44 Cb3.1-1.2D+1.2I+1.2RI+1.2W,54.5,-11.9,0.0,1.4,0.0,0.0
,,,,45 Cb3.2-1.2D+1.2I+1.2RI+1.2W,54.5,-11.9,0.0,1.4,0.0,0.0
,,,,46 Cb3.3-1.2D+1.2I+1.2RI+1.2W,54.5,-11.9,0.0,1.4,0.0,0.0
,,,,47 Cb3.4-1.2D+1.2I+1.2RI+1.2W,54.5,-11.9,0.0,1.4,0.0,0.0
,,,,48 Cb3.5-1.2D+1.2I+1.2RI+1.2W,54.5,-11.9,0.0,1.4,0.0,0.0
,,,,49 Cb3.6-1.2D+1.2I+1.2RI+1.2W,54.5,-11.9,0.0,1.4,0.0,0.0
,,,,50 Cb3.7-1.2D+1.2I+1.2RI+1.2W,54.5,-11.9,0.0,1.4,0.0,0.0
,,,,51 Cb3.8-1.2D+1.2I+1.2RI+1.2W,54.5,-11.9,0.0,1.4,0.0,0.0
,,,,52 Cb3.9-1.2D+1.2I+1.2RI+1.2W,54.5,-11.9,0.0,1.4,0.0,0.0
,,,,53 Cb3.10-1.2D+1.2I+1.2RI+1.2W,54.5,-11.9,0.0,1.4,0.0,0.0
,,,,54 Cb3.11-1.2D+1.2I+1.2RI+1.2W,54.5,-11.9,0.0,1.4,0.0,0.0
,,,,55 Cb3.12-1.2D+1.2I+1.2RI+1.2W,54.5,-11.9,0.0,1.4,0.0,0.0
,,,,56 Cb3.13-1.2D+1.2I+1.2RI+1.2W,54.5,-11.9,0.0,1.4,0.0,0.0
,,,,57 Cb3.14-1.2D+1.2I+1.2RI+1.2W,54.5,-11.9,0.0,1.4,0.0,0.0
,,,,58 Cb3.15-1.2D+1.2I+1.2RI+1.2W,54.5,-11.9,0.0,1.4,0.0,0.0
,,,,59 Cb3.16-1.2D+1.2I+1.2RI+1.2W,54.5,-11.9,0.0,1.4,0.0,0.0
,,,,60 Cb5.1-D+1.4W,25.0,-4.8,0.0,0.6,0.0,0.0
,,,,61 Cb5.2-D+1.4W,25.0,-4.8,0.0,0.6,0.0,0.0
,,,,62 Cb5.3-D+1.4W,25.0,-4.8,0.0,0.6,0.0,0.0
,,,,63 Cb5.4-D+1.4W,25.0,-4.8,0.0,0.6,0.0,0.0
,,,,64 Cb5.5-D+1.4W,25.0,-4.8,0.0,0.6,0.0,0.0
,,,,65 Cb5.6-D+1.4W,25.0,-4.8,0.0,0.6,0.0,0.0
,,,,66 Cb5.7-D+1.4W,25.0,-4.8,0.0,0.6,0.0,0.0
,,,,67 Cb5.8-D+1.4W,25.0,-4.8,0.0,0.6,0.0,0.0
,,,,68 Cb5.9-D+1.4W,25.0,-4.8,0.0,0.6,0.0,0.0
,,,,69 Cb5.10-D+1.4W,25.0,-4.8,0.0,0.6,0.0,0.0
,,,,70 Cb5.11-D+1.4W,25.0,-4.8,0.0,0.6,0.0,0.0
,,,,71 Cb5.12-D+1.4W,25.0,-4.8,0.0,0.6,0.0,0.0
,,,,72 Cb5.13-D+1.4W,25.0,-4.8,0.0,0.6,0.0,0.0
,,,,73 Cb5.14-D+1.4W,25.0,-4.8,0.0,0.6,0.0,0.0
,,,,74 Cb5.15-D+1.4W,25.0,-4.8,0.0,0.6,0.0,0.0
,,,,75 Cb5.16-D+1.4W,25.0,-4.8,0.0,0.6,0.0,0.0
,,,,76 (Final) Cb1-1.4D+1.6I+1.6RI,61.8,-13.6,0.0,1.6,0.0,0.0
,,,,77 (Final) Cb1.1-1.4D+1.6I+1.6RI+NHFDir1+,61.6,-13.2,0.0,1.3,0.0,0.0
,,,,78 (Final) Cb1.2-1.4D+1.6I+1.6RI+NHFDir1-,62.1,-14.0,0.0,2.0,0.0,0.0
,,,,79 (Final) Cb1.3-1.4D+1.6I+1.6RI+NHFDir2+,61.8,-13.6,0.0,1.6,0.0,0.0
,,,,80 (Final) Cb1.4-1.4D+1.6I+1.6RI+NHFDir2-,61.8,-13.6,0.0,1.6,0.0,0.0
,,,,81 (Final) Cb3.1-1.2D+1.2I+1.2RI+1.2W,58.0,13.1,0.0,-9.0,0.0,0.0
,,,,82 (Final) Cb3.2-1.2D+1.2I+1.2RI+1.2W,32.9,15.0,0.0,-6.8,0.0,0.0
,,,,83 (Final) Cb3.3-1.2D+1.2I+1.2RI+1.2W,40.7,9.2,0.0,-8.6,0.0,0.0
,,,,84 (Final) Cb3.4-1.2D+1.2I+1.2RI+1.2W,15.5,11.1,0.0,-6.4,0.0,0.0
,,,,85 (Final) Cb3.5-1.2D+1.2I+1.2RI+1.2W,62.1,-14.3,0.0,-2.0,0.0,0.0
,,,,86 (Final) Cb3.6-1.2D+1.2I+1.2RI+1.2W,38.8,-11.6,0.0,0.2,0.0,0.0
,,,,87 (Final) Cb3.7-1.2D+1.2I+1.2RI+1.2W,44.5,-17.6,0.0,-1.8,0.0,0.0
,,,,88 (Final) Cb3.8-1.2D+1.2I+1.2RI+1.2W,21.2,-14.9,0.0,0.4,0.0,0.0
,,,,89 (Final) Cb3.9-1.2D+1.2I+1.2RI+1.2W,50.2,-21.8,0.0,10.3,0.0,0.0
,,,,90 (Final) Cb3.10-1.2D+1.2I+1.2RI+1.2W,50.2,-21.8,0.0,10.3,0.0,0.0
,,,,91 (Final) Cb3.11-1.2D+1.2I+1.2RI+1.2W,38.6,-24.4,0.0,10.6,0.0,0.0
,,,,92 (Final) Cb3.12-1.2D+1.2I+1.2RI+1.2W,38.6,-24.4,0.0,10.6,0.0,0.0
,,,,93 (Final) Cb3.13-1.2D+1.2I+1.2RI+1.2W,59.8,-15.2,0.0,-0.3,0.0,0.0
,,,,94 (Final) Cb3.14-1.2D+1.2I+1.2RI+1.2W,44.1,-13.4,0.0,1.2,0.0,0.0
,,,,95 (Final) Cb3.15-1.2D+1.2I+1.2RI+1.2W,48.4,-17.7,0.0,0.0,0.0,0.0
,,,,96 (Final) Cb3.16-1.2D+1.2I+1.2RI+1.2W,32.7,-15.9,0.0,1.5,0.0,0.0
,,,,97 (Final) Cb5.1-D+1.4W,29.5,26.4,0.0,-12.5,0.0,0.0
,,,,98 (Final) Cb5.2-D+1.4W,-1.9,28.7,0.0,-9.7,0.0,0.0
,,,,99 (Final) Cb5.3-D+1.4W,7.8,21.5,0.0,-12.0,0.0,0.0
,,,,100 (Final) Cb5.4-D+1.4W,-23.6,23.9,0.0,-9.2,0.0,0.0
,,,,101 (Final) Cb5.5-D+1.4W,34.6,-7.8,0.0,-3.7,0.0,0.0
,,,,102 (Final) Cb5.6-D+1.4W,5.5,-4.5,0.0,-1.0,0.0,0.0
,,,,103 (Final) Cb5.7-D+1.4W,12.6,-12.0,0.0,-3.4,0.0,0.0
,,,,104 (Final) Cb5.8-D+1.4W,-16.5,-8.6,0.0,-0.7,0.0,0.0
,,,,105 (Final) Cb5.9-D+1.4W,19.7,-17.3,0.0,11.6,0.0,0.0
,,,,106 (Final) Cb5.10-D+1.4W,19.7,-17.3,0.0,11.6,0.0,0.0
,,,,107 (Final) Cb5.11-D+1.4W,5.2,-20.5,0.0,12.0,0.0,0.0
,,,,108 (Final) Cb5.12-D+1.4W,5.2,-20.5,0.0,12.0,0.0,0.0
,,,,109 (Final) Cb5.13-D+1.4W,31.8,-8.9,0.0,-1.5,0.0,0.0
,,,,110 (Final) Cb5.14-D+1.4W,12.1,-6.7,0.0,0.3,0.0,0.0
,,,,111 (Final) Cb5.15-D+1.4W,17.5,-12.1,0.0,-1.2,0.0,0.0
,,,,112 (Final) Cb5.16-D+1.4W,-2.2,-9.9,0.0,0.7,0.0,0.0
SUP L'/4,-90.0000,Span 1 Rh Column (UC 203x203x60),-90.0000,38 Snow drift,25.7,-4.8,0.0,2.3,0.0,0.0
,,,,39 Cb1-1.4D+1.6I+1.6RI,62.0,-13.6,0.0,6.4,0.0,0.0
,,,,40 Cb1.1-1.4D+1.6I+1.6RI+NHFDir1+,62.2,-13.8,0.0,6.6,0.0,0.0
,,,,41 Cb1.2-1.4D+1.6I+1.6RI+NHFDir1-,61.7,-13.4,0.0,6.1,0.0,0.0
,,,,42 Cb1.3-1.4D+1.6I+1.6RI+NHFDir2+,62.0,-13.6,0.0,6.4,0.0,0.0
,,,,43 Cb1.4-1.4D+1.6I+1.6RI+NHFDir2-,62.0,-13.6,0.0,6.4,0.0,0.0
,,,,44 Cb3.1-1.2D+1.2I+1.2RI+1.2W,54.7,-11.9,0.0,5.5,0.0,0.0
,,,,45 Cb3.2-1.2D+1.2I+1.2RI+1.2W,54.7,-11.9,0.0,5.5,0.0,0.0
,,,,46 Cb3.3-1.2D+1.2I+1.2RI+1.2W,54.7,-11.9,0.0,5.5,0.0,0.0
,,,,47 Cb3.4-1.2D+1.2I+1.2RI+1.2W,54.7,-11.9,0.0,5.5,0.0,0.0
,,,,48 Cb3.5-1.2D+1.2I+1.2RI+1.2W,54.7,-11.9,0.0,5.5,0.0,0.0
,,,,49 Cb3.6-1.2D+1.2I+1.2RI+1.2W,54.7,-11.9,0.0,5.5,0.0,0.0
,,,,50 Cb3.7-1.2D+1.2I+1.2RI+1.2W,54.7,-11.9,0.0,5.5,0.0,0.0
,,,,51 Cb3.8-1.2D+1.2I+1.2RI+1.2W,54.7,-11.9,0.0,5.5,0.0,0.0
,,,,52 Cb3.9-1.2D+1.2I+1.2RI+1.2W,54.7,-11.9,0.0,5.5,0.0,0.0
,,,,53 Cb3.10-1.2D+1.2I+1.2RI+1.2W,54.7,-11.9,0.0,5.5,0.0,0.0
,,,,54 Cb3.11-1.2D+1.2I+1.2RI+1.2W,54.7,-11.9,0.0,5.5,0.0,0.0
,,,,55 Cb3.12-1.2D+1.2I+1.2RI+1.2W,54.7,-11.9,0.0,5.5,0.0,0.0
,,,,56 Cb3.13-1.2D+1.2I+1.2RI+1.2W,54.7,-11.9,0.0,5.5,0.0,0.0
,,,,57 Cb3.14-1.2D+1.2I+1.2RI+1.2W,54.7,-11.9,0.0,5.5,0.0,0.0
,,,,58 Cb3.15-1.2D+1.2I+1.2RI+1.2W,54.7,-11.9,0.0,5.5,0.0,0.0
,,,,59 Cb3.16-1.2D+1.2I+1.2RI+1.2W,54.7,-11.9,0.0,5.5,0.0,0.0
,,,,60 Cb5.1-D+1.4W,25.7,-4.8,0.0,2.3,0.0,0.0
,,,,61 Cb5.2-D+1.4W,25.7,-4.8,0.0,2.3,0.0,0.0
,,,,62 Cb5.3-D+1.4W,25.7,-4.8,0.0,2.3,0.0,0.0
,,,,63 Cb5.4-D+1.4W,25.7,-4.8,0.0,2.3,0.0,0.0
,,,,64 Cb5.5-D+1.4W,25.7,-4.8,0.0,2.3,0.0,0.0
,,,,65 Cb5.6-D+1.4W,25.7,-4.8,0.0,2.3,0.0,0.0
,,,,66 Cb5.7-D+1.4W,25.7,-4.8,0.0,2.3,0.0,0.0
,,,,67 Cb5.8-D+1.4W,25.7,-4.8,0.0,2.3,0.0,0.0
,,,,68 Cb5.9-D+1.4W,25.7,-4.8,0.0,2.3,0.0,0.0
,,,,69 Cb5.10-D+1.4W,25.7,-4.8,0.0,2.3,0.0,0.0
,,,,70 Cb5.11-D+1.4W,25.7,-4.8,0.0,2.3,0.0,0.0
,,,,71 Cb5.12-D+1.4W,25.7,-4.8,0.0,2.3,0.0,0.0
,,,,72 Cb5.13-D+1.4W,25.7,-4.8,0.0,2.3,0.0,0.0
,,,,73 Cb5.14-D+1.4W,25.7,-4.8,0.0,2.3,0.0,0.0
,,,,74 Cb5.15-D+1.4W,25.7,-4.8,0.0,2.3,0.0,0.0
,,,,75 Cb5.16-D+1.4W,25.7,-4.8,0.0,2.3,0.0,0.0
,,,,76 (Final) Cb1-1.4D+1.6I+1.6RI,62.0,-13.6,0.0,6.4,0.0,0.0
,,,,77 (Final) Cb1.1-1.4D+1.6I+1.6RI+NHFDir1+,62.2,-13.8,0.0,6.6,0.0,0.0
,,,,78 (Final) Cb1.2-1.4D+1.6I+1.6RI+NHFDir1-,61.7,-13.4,0.0,6.1,0.0,0.0
,,,,79 (Final) Cb1.3-1.4D+1.6I+1.6RI+NHFDir2+,62.0,-13.6,0.0,6.4,0.0,0.0
,,,,80 (Final) Cb1.4-1.4D+1.6I+1.6RI+NHFDir2-,62.0,-13.6,0.0,6.4,0.0,0.0
,,,,81 (Final) Cb3.1-1.2D+1.2I+1.2RI+1.2W,73.5,-25.9,0.0,14.0,0.0,0.0
,,,,82 (Final) Cb3.2-1.2D+1.2I+1.2RI+1.2W,50.7,-18.7,0.0,9.7,0.0,0.0
,,,,83 (Final) Cb3.3-1.2D+1.2I+1.2RI+1.2W,56.7,-30.0,0.0,11.5,0.0,0.0
,,,,84 (Final) Cb3.4-1.2D+1.2I+1.2RI+1.2W,33.8,-22.8,0.0,7.2,0.0,0.0
,,,,85 (Final) Cb3.5-1.2D+1.2I+1.2RI+1.2W,69.5,-26.3,0.0,9.4,0.0,0.0
,,,,86 (Final) Cb3.6-1.2D+1.2I+1.2RI+1.2W,42.0,-18.0,0.0,4.5,0.0,0.0
,,,,87 (Final) Cb3.7-1.2D+1.2I+1.2RI+1.2W,52.7,-30.6,0.0,6.9,0.0,0.0
,,,,88 (Final) Cb3.8-1.2D+1.2I+1.2RI+1.2W,25.2,-22.3,0.0,2.0,0.0,0.0
,,,,89 (Final) Cb3.9-1.2D+1.2I+1.2RI+1.2W,29.9,10.6,0.0,-2.1,0.0,0.0
,,,,90 (Final) Cb3.10-1.2D+1.2I+1.2RI+1.2W,29.9,10.6,0.0,-2.1,0.0,0.0
,,,,91 (Final) Cb3.11-1.2D+1.2I+1.2RI+1.2W,18.7,7.9,0.0,-3.8,0.0,0.0
,,,,92 (Final) Cb3.12-1.2D+1.2I+1.2RI+1.2W,18.7,7.9,0.0,-3.8,0.0,0.0
,,,,93 (Final) Cb3.13-1.2D+1.2I+1.2RI+1.2W,64.0,-20.9,0.0,7.7,0.0,0.0
,,,,94 (Final) Cb3.14-1.2D+1.2I+1.2RI+1.2W,45.4,-15.3,0.0,4.4,0.0,0.0
,,,,95 (Final) Cb3.15-1.2D+1.2I+1.2RI+1.2W,53.0,-23.6,0.0,6.0,0.0,0.0
,,,,96 (Final) Cb3.16-1.2D+1.2I+1.2RI+1.2W,34.3,-18.1,0.0,2.7,0.0,0.0
,,,,97 (Final) Cb5.1-D+1.4W,49.1,-22.4,0.0,12.9,0.0,0.0
,,,,98 (Final) Cb5.2-D+1.4W,20.6,-13.4,0.0,7.5,0.0,0.0
,,,,99 (Final) Cb5.3-D+1.4W,28.1,-27.6,0.0,9.7,0.0,0.0
,,,,100 (Final) Cb5.4-D+1.4W,-0.4,-18.5,0.0,4.3,0.0,0.0
,,,,101 (Final) Cb5.5-D+1.4W,44.2,-22.9,0.0,7.0,0.0,0.0
,,,,102 (Final) Cb5.6-D+1.4W,9.8,-12.5,0.0,1.0,0.0,0.0
,,,,103 (Final) Cb5.7-D+1.4W,23.2,-28.2,0.0,4.0,0.0,0.0
,,,,104 (Final) Cb5.8-D+1.4W,-11.2,-17.9,0.0,-2.1,0.0,0.0
,,,,105 (Final) Cb5.9-D+1.4W,-5.4,23.3,0.0,-7.3,0.0,0.0
,,,,106 (Final) Cb5.10-D+1.4W,-5.4,23.3,0.0,-7.3,0.0,0.0
,,,,107 (Final) Cb5.11-D+1.4W,-19.4,19.8,0.0,-9.4,0.0,0.0
,,,,108 (Final) Cb5.12-D+1.4W,-19.4,19.8,0.0,-9.4,0.0,0.0
,,,,109 (Final) Cb5.13-D+1.4W,37.3,-16.2,0.0,4.9,0.0,0.0
,,,,110 (Final) Cb5.14-D+1.4W,14.0,-9.2,0.0,0.8,0.0,0.0
,,,,111 (Final) Cb5.15-D+1.4W,23.5,-19.6,0.0,2.8,0.0,0.0
,,,,112 (Final) Cb5.16-D+1.4W,0.2,-12.6,0.0,-1.3,0.0,0.0
SUP M'/1,-90.0000,Span 1 Lh Column (UC 203x203x60),-90.0000,38 Snow drift,30.3,-0.2,0.2,0.3,0.0,0.0
,,,,39 Cb1-1.4D+1.6I+1.6RI,66.1,-0.4,0.6,0.7,0.0,0.0
,,,,40 Cb1.1-1.4D+1.6I+1.6RI+NHFDir1+,65.9,-0.8,0.6,1.1,0.0,0.0
,,,,41 Cb1.2-1.4D+1.6I+1.6RI+NHFDir1-,66.3,-0.1,0.7,0.3,0.0,0.0
,,,,42 Cb1.3-1.4D+1.6I+1.6RI+NHFDir2+,65.5,-0.4,1.2,0.7,0.0,0.0
,,,,43 Cb1.4-1.4D+1.6I+1.6RI+NHFDir2-,66.6,-0.4,0.1,0.7,0.0,0.0
,,,,44 Cb3.1-1.2D+1.2I+1.2RI+1.2W,58.9,-0.4,0.6,0.6,0.0,0.0
,,,,45 Cb3.2-1.2D+1.2I+1.2RI+1.2W,58.9,-0.4,0.6,0.6,0.0,0.0
,,,,46 Cb3.3-1.2D+1.2I+1.2RI+1.2W,58.9,-0.4,0.6,0.6,0.0,0.0
,,,,47 Cb3.4-1.2D+1.2I+1.2RI+1.2W,58.9,-0.4,0.6,0.6,0.0,0.0
,,,,48 Cb3.5-1.2D+1.2I+1.2RI+1.2W,58.9,-0.4,0.6,0.6,0.0,0.0
,,,,49 Cb3.6-1.2D+1.2I+1.2RI+1.2W,58.9,-0.4,0.6,0.6,0.0,0.0
,,,,50 Cb3.7-1.2D+1.2I+1.2RI+1.2W,58.9,-0.4,0.6,0.6,0.0,0.0
,,,,51 Cb3.8-1.2D+1.2I+1.2RI+1.2W,58.9,-0.4,0.6,0.6,0.0,0.0
,,,,52 Cb3.9-1.2D+1.2I+1.2RI+1.2W,58.9,-0.4,0.6,0.6,0.0,0.0
,,,,53 Cb3.10-1.2D+1.2I+1.2RI+1.2W,58.9,-0.4,0.6,0.6,0.0,0.0
,,,,54 Cb3.11-1.2D+1.2I+1.2RI+1.2W,58.9,-0.4,0.6,0.6,0.0,0.0
,,,,55 Cb3.12-1.2D+1.2I+1.2RI+1.2W,58.9,-0.4,0.6,0.6,0.0,0.0
,,,,56 Cb3.13-1.2D+1.2I+1.2RI+1.2W,58.9,-0.4,0.6,0.6,0.0,0.0
,,,,57 Cb3.14-1.2D+1.2I+1.2RI+1.2W,58.9,-0.4,0.6,0.6,0.0,0.0
,,,,58 Cb3.15-1.2D+1.2I+1.2RI+1.2W,58.9,-0.4,0.6,0.6,0.0,0.0
,,,,59 Cb3.16-1.2D+1.2I+1.2RI+1.2W,58.9,-0.4,0.6,0.6,0.0,0.0
,,,,60 Cb5.1-D+1.4W,30.3,-0.2,0.2,0.3,0.0,0.0
,,,,61 Cb5.2-D+1.4W,30.3,-0.2,0.2,0.3,0.0,0.0
,,,,62 Cb5.3-D+1.4W,30.3,-0.2,0.2,0.3,0.0,0.0
,,,,63 Cb5.4-D+1.4W,30.3,-0.2,0.2,0.3,0.0,0.0
,,,,64 Cb5.5-D+1.4W,30.3,-0.2,0.2,0.3,0.0,0.0
,,,,65 Cb5.6-D+1.4W,30.3,-0.2,0.2,0.3,0.0,0.0
,,,,66 Cb5.7-D+1.4W,30.3,-0.2,0.2,0.3,0.0,0.0
,,,,67 Cb5.8-D+1.4W,30.3,-0.2,0.2,0.3,0.0,0.0
,,,,68 Cb5.9-D+1.4W,30.3,-0.2,0.2,0.3,0.0,0.0
,,,,69 Cb5.10-D+1.4W,30.3,-0.2,0.2,0.3,0.0,0.0
,,,,70 Cb5.11-D+1.4W,30.3,-0.2,0.2,0.3,0.0,0.0
,,,,71 Cb5.12-D+1.4W,30.3,-0.2,0.2,0.3,0.0,0.0
,,,,72 Cb5.13-D+1.4W,30.3,-0.2,0.2,0.3,0.0,0.0
,,,,73 Cb5.14-D+1.4W,30.3,-0.2,0.2,0.3,0.0,0.0
,,,,74 Cb5.15-D+1.4W,30.3,-0.2,0.2,0.3,0.0,0.0
,,,,75 Cb5.16-D+1.4W,30.3,-0.2,0.2,0.3,0.0,0.0
,,,,76 (Final) Cb1-1.4D+1.6I+1.6RI,66.1,-0.4,0.6,0.7,0.0,0.0
,,,,77 (Final) Cb1.1-1.4D+1.6I+1.6RI+NHFDir1+,65.9,-0.8,0.6,1.1,0.0,0.0
,,,,78 (Final) Cb1.2-1.4D+1.6I+1.6RI+NHFDir1-,66.3,-0.1,0.7,0.3,0.0,0.0
,,,,79 (Final) Cb1.3-1.4D+1.6I+1.6RI+NHFDir2+,65.5,-0.4,1.2,0.7,0.0,0.0
,,,,80 (Final) Cb1.4-1.4D+1.6I+1.6RI+NHFDir2-,66.6,-0.4,0.1,0.7,0.0,0.0
,,,,81 (Final) Cb3.1-1.2D+1.2I+1.2RI+1.2W,57.0,-28.3,5.6,13.8,0.0,0.0
,,,,82 (Final) Cb3.2-1.2D+1.2I+1.2RI+1.2W,29.5,-25.1,5.6,10.4,0.0,0.0
,,,,83 (Final) Cb3.3-1.2D+1.2I+1.2RI+1.2W,34.5,-20.4,8.9,12.7,0.0,0.0
,,,,84 (Final) Cb3.4-1.2D+1.2I+1.2RI+1.2W,7.0,-17.2,8.8,9.4,0.0,0.0
,,,,85 (Final) Cb3.5-1.2D+1.2I+1.2RI+1.2W,53.1,-5.0,12.1,7.9,0.0,0.0
,,,,86 (Final) Cb3.6-1.2D+1.2I+1.2RI+1.2W,22.9,-1.1,12.3,3.8,0.0,0.0
,,,,87 (Final) Cb3.7-1.2D+1.2I+1.2RI+1.2W,30.4,2.4,15.3,7.0,0.0,0.0
,,,,88 (Final) Cb3.8-1.2D+1.2I+1.2RI+1.2W,0.3,6.2,15.5,3.0,0.0,0.0
,,,,89 (Final) Cb3.9-1.2D+1.2I+1.2RI+1.2W,48.4,12.9,4.2,-10.7,0.0,0.0
,,,,90 (Final) Cb3.10-1.2D+1.2I+1.2RI+1.2W,48.4,12.9,4.2,-10.7,0.0,0.0
,,,,91 (Final) Cb3.11-1.2D+1.2I+1.2RI+1.2W,33.5,18.1,6.4,-11.4,0.0,0.0
,,,,92 (Final) Cb3.12-1.2D+1.2I+1.2RI+1.2W,33.5,18.1,6.4,-11.4,0.0,0.0
,,,,93 (Final) Cb3.13-1.2D+1.2I+1.2RI+1.2W,79.8,2.7,-12.2,2.6,0.0,0.0
,,,,94 (Final) Cb3.14-1.2D+1.2I+1.2RI+1.2W,60.1,5.6,-12.3,-0.4,0.0,0.0
,,,,95 (Final) Cb3.15-1.2D+1.2I+1.2RI+1.2W,65.0,7.8,-10.0,2.0,0.0,0.0
,,,,96 (Final) Cb3.16-1.2D+1.2I+1.2RI+1.2W,45.3,10.8,-10.1,-1.1,0.0,0.0
,,,,97 (Final) Cb5.1-D+1.4W,27.9,-35.1,6.6,16.7,0.0,0.0
,,,,98 (Final) Cb5.2-D+1.4W,-6.4,-31.0,6.5,12.5,0.0,0.0
,,,,99 (Final) Cb5.3-D+1.4W,-0.2,-25.2,10.6,15.4,0.0,0.0
,,,,100 (Final) Cb5.4-D+1.4W,-34.5,-21.2,10.6,11.2,0.0,0.0
,,,,101 (Final) Cb5.5-D+1.4W,23.0,-5.9,14.6,9.3,0.0,0.0
,,,,102 (Final) Cb5.6-D+1.4W,-14.7,-1.1,14.9,4.3,0.0,0.0
,,,,103 (Final) Cb5.7-D+1.4W,-5.3,3.3,18.7,8.3,0.0,0.0
,,,,104 (Final) Cb5.8-D+1.4W,-43.0,8.1,18.9,3.2,0.0,0.0
,,,,105 (Final) Cb5.9-D+1.4W,17.2,16.4,4.8,-13.9,0.0,0.0
,,,,106 (Final) Cb5.10-D+1.4W,17.2,16.4,4.8,-13.9,0.0,0.0
,,,,107 (Final) Cb5.11-D+1.4W,-1.5,22.9,7.5,-14.8,0.0,0.0
,,,,108 (Final) Cb5.12-D+1.4W,-1.5,22.9,7.5,-14.8,0.0,0.0
,,,,109 (Final) Cb5.13-D+1.4W,56.4,3.6,-15.7,2.8,0.0,0.0
,,,,110 (Final) Cb5.14-D+1.4W,31.9,7.3,-15.8,-1.0,0.0,0.0
,,,,111 (Final) Cb5.15-D+1.4W,37.9,10.1,-13.0,1.9,0.0,0.0
,,,,112 (Final) Cb5.16-D+1.4W,13.3,13.8,-13.1,-1.8,0.0,0.0
SUP M'/4,90.0000,Span 1 Rh Column (UC 203x203x60),90.0000,38 Snow drift,32.3,0.3,0.2,-0.3,0.0,0.0
,,,,39 Cb1-1.4D+1.6I+1.6RI,69.5,0.7,0.5,-0.7,0.0,0.0
,,,,40 Cb1.1-1.4D+1.6I+1.6RI+NHFDir1+,69.7,0.9,0.5,-0.9,0.0,0.0
,,,,41 Cb1.2-1.4D+1.6I+1.6RI+NHFDir1-,69.3,0.5,0.5,-0.4,0.0,0.0
,,,,42 Cb1.3-1.4D+1.6I+1.6RI+NHFDir2+,68.8,0.7,-0.1,-0.7,0.0,0.0
,,,,43 Cb1.4-1.4D+1.6I+1.6RI+NHFDir2-,70.2,0.7,1.0,-0.7,0.0,0.0
,,,,44 Cb3.1-1.2D+1.2I+1.2RI+1.2W,62.1,0.6,0.4,-0.6,0.0,0.0
,,,,45 Cb3.2-1.2D+1.2I+1.2RI+1.2W,62.1,0.6,0.4,-0.6,0.0,0.0
,,,,46 Cb3.3-1.2D+1.2I+1.2RI+1.2W,62.1,0.6,0.4,-0.6,0.0,0.0
,,,,47 Cb3.4-1.2D+1.2I+1.2RI+1.2W,62.1,0.6,0.4,-0.6,0.0,0.0
,,,,48 Cb3.5-1.2D+1.2I+1.2RI+1.2W,62.1,0.6,0.4,-0.6,0.0,0.0
,,,,49 Cb3.6-1.2D+1.2I+1.2RI+1.2W,62.1,0.6,0.4,-0.6,0.0,0.0
,,,,50 Cb3.7-1.2D+1.2I+1.2RI+1.2W,62.1,0.6,0.4,-0.6,0.0,0.0
,,,,51 Cb3.8-1.2D+1.2I+1.2RI+1.2W,62.1,0.6,0.4,-0.6,0.0,0.0
,,,,52 Cb3.9-1.2D+1.2I+1.2RI+1.2W,62.1,0.6,0.4,-0.6,0.0,0.0
,,,,53 Cb3.10-1.2D+1.2I+1.2RI+1.2W,62.1,0.6,0.4,-0.6,0.0,0.0
,,,,54 Cb3.11-1.2D+1.2I+1.2RI+1.2W,62.1,0.6,0.4,-0.6,0.0,0.0
,,,,55 Cb3.12-1.2D+1.2I+1.2RI+1.2W,62.1,0.6,0.4,-0.6,0.0,0.0
,,,,56 Cb3.13-1.2D+1.2I+1.2RI+1.2W,62.1,0.6,0.4,-0.6,0.0,0.0
,,,,57 Cb3.14-1.2D+1.2I+1.2RI+1.2W,62.1,0.6,0.4,-0.6,0.0,0.0
,,,,58 Cb3.15-1.2D+1.2I+1.2RI+1.2W,62.1,0.6,0.4,-0.6,0.0,0.0
,,,,59 Cb3.16-1.2D+1.2I+1.2RI+1.2W,62.1,0.6,0.4,-0.6,0.0,0.0
,,,,60 Cb5.1-D+1.4W,32.3,0.3,0.2,-0.3,0.0,0.0
,,,,61 Cb5.2-D+1.4W,32.3,0.3,0.2,-0.3,0.0,0.0
,,,,62 Cb5.3-D+1.4W,32.3,0.3,0.2,-0.3,0.0,0.0
,,,,63 Cb5.4-D+1.4W,32.3,0.3,0.2,-0.3,0.0,0.0
,,,,64 Cb5.5-D+1.4W,32.3,0.3,0.2,-0.3,0.0,0.0
,,,,65 Cb5.6-D+1.4W,32.3,0.3,0.2,-0.3,0.0,0.0
,,,,66 Cb5.7-D+1.4W,32.3,0.3,0.2,-0.3,0.0,0.0
,,,,67 Cb5.8-D+1.4W,32.3,0.3,0.2,-0.3,0.0,0.0
,,,,68 Cb5.9-D+1.4W,32.3,0.3,0.2,-0.3,0.0,0.0
,,,,69 Cb5.10-D+1.4W,32.3,0.3,0.2,-0.3,0.0,0.0
,,,,70 Cb5.11-D+1.4W,32.3,0.3,0.2,-0.3,0.0,0.0
,,,,71 Cb5.12-D+1.4W,32.3,0.3,0.2,-0.3,0.0,0.0
,,,,72 Cb5.13-D+1.4W,32.3,0.3,0.2,-0.3,0.0,0.0
,,,,73 Cb5.14-D+1.4W,32.3,0.3,0.2,-0.3,0.0,0.0
,,,,74 Cb5.15-D+1.4W,32.3,0.3,0.2,-0.3,0.0,0.0
,,,,75 Cb5.16-D+1.4W,32.3,0.3,0.2,-0.3,0.0,0.0
,,,,76 (Final) Cb1-1.4D+1.6I+1.6RI,69.5,0.7,0.5,-0.7,0.0,0.0
,,,,77 (Final) Cb1.1-1.4D+1.6I+1.6RI+NHFDir1+,69.7,0.9,0.5,-0.9,0.0,0.0
,,,,78 (Final) Cb1.2-1.4D+1.6I+1.6RI+NHFDir1-,69.3,0.5,0.5,-0.4,0.0,0.0
,,,,79 (Final) Cb1.3-1.4D+1.6I+1.6RI+NHFDir2+,68.8,0.7,-0.1,-0.7,0.0,0.0
,,,,80 (Final) Cb1.4-1.4D+1.6I+1.6RI+NHFDir2-,70.2,0.7,1.0,-0.7,0.0,0.0
,,,,81 (Final) Cb3.1-1.2D+1.2I+1.2RI+1.2W,71.7,10.7,-4.7,-8.8,0.0,0.0
,,,,82 (Final) Cb3.2-1.2D+1.2I+1.2RI+1.2W,48.3,9.0,-4.7,-6.6,0.0,0.0
,,,,83 (Final) Cb3.3-1.2D+1.2I+1.2RI+1.2W,48.6,19.3,-8.1,-8.1,0.0,0.0
,,,,84 (Final) Cb3.4-1.2D+1.2I+1.2RI+1.2W,25.1,17.6,-8.1,-5.9,0.0,0.0
,,,,85 (Final) Cb3.5-1.2D+1.2I+1.2RI+1.2W,61.0,16.7,-13.2,-5.1,0.0,0.0
,,,,86 (Final) Cb3.6-1.2D+1.2I+1.2RI+1.2W,25.9,14.6,-12.9,-2.5,0.0,0.0
,,,,87 (Final) Cb3.7-1.2D+1.2I+1.2RI+1.2W,37.7,25.4,-16.6,-4.6,0.0,0.0
,,,,88 (Final) Cb3.8-1.2D+1.2I+1.2RI+1.2W,2.6,23.3,-16.3,-2.0,0.0,0.0
,,,,89 (Final) Cb3.9-1.2D+1.2I+1.2RI+1.2W,29.2,-18.2,-2.8,6.5,0.0,0.0
,,,,90 (Final) Cb3.10-1.2D+1.2I+1.2RI+1.2W,29.2,-18.2,-2.8,6.5,0.0,0.0
,,,,91 (Final) Cb3.11-1.2D+1.2I+1.2RI+1.2W,13.8,-12.5,-5.1,7.0,0.0,0.0
,,,,92 (Final) Cb3.12-1.2D+1.2I+1.2RI+1.2W,13.8,-12.5,-5.1,7.0,0.0,0.0
,,,,93 (Final) Cb3.13-1.2D+1.2I+1.2RI+1.2W,91.0,8.3,13.9,-1.9,0.0,0.0
,,,,94 (Final) Cb3.14-1.2D+1.2I+1.2RI+1.2W,67.1,6.7,13.8,0.1,0.0,0.0
,,,,95 (Final) Cb3.15-1.2D+1.2I+1.2RI+1.2W,75.8,13.9,11.6,-1.4,0.0,0.0
,,,,96 (Final) Cb3.16-1.2D+1.2I+1.2RI+1.2W,51.9,12.4,11.6,0.5,0.0,0.0
,,,,97 (Final) Cb5.1-D+1.4W,44.4,12.9,-6.2,-10.5,0.0,0.0
,,,,98 (Final) Cb5.2-D+1.4W,15.1,10.8,-6.2,-7.8,0.0,0.0
,,,,99 (Final) Cb5.3-D+1.4W,15.5,23.6,-10.4,-9.7,0.0,0.0
,,,,100 (Final) Cb5.4-D+1.4W,-13.9,21.5,-10.4,-6.9,0.0,0.0
,,,,101 (Final) Cb5.5-D+1.4W,30.9,20.4,-16.8,-6.0,0.0,0.0
,,,,102 (Final) Cb5.6-D+1.4W,-13.0,17.8,-16.5,-2.7,0.0,0.0
,,,,103 (Final) Cb5.7-D+1.4W,1.9,31.3,-21.1,-5.3,0.0,0.0
,,,,104 (Final) Cb5.8-D+1.4W,-42.0,28.7,-20.8,-2.0,0.0,0.0
,,,,105 (Final) Cb5.9-D+1.4W,-8.7,-23.2,-3.9,8.6,0.0,0.0
,,,,106 (Final) Cb5.10-D+1.4W,-8.7,-23.2,-3.9,8.6,0.0,0.0
,,,,107 (Final) Cb5.11-D+1.4W,-28.0,-16.1,-6.7,9.2,0.0,0.0
,,,,108 (Final) Cb5.12-D+1.4W,-28.0,-16.1,-6.7,9.2,0.0,0.0
,,,,109 (Final) Cb5.13-D+1.4W,68.5,9.9,17.0,-1.9,0.0,0.0
,,,,110 (Final) Cb5.14-D+1.4W,38.6,8.0,16.9,0.5,0.0,0.0
,,,,111 (Final) Cb5.15-D+1.4W,49.5,17.0,14.2,-1.3,0.0,0.0
,,,,112 (Final) Cb5.16-D+1.4W,19.6,15.0,14.1,1.1,0.0,0.0
SUP N'/1,-90.0000,Span 1 Lh Column (UC 203x203x60),-90.0000,38 Snow drift,21.4,2.8,0.0,-0.8,0.0,0.0
,,,,39 Cb1-1.4D+1.6I+1.6RI,40.5,6.7,0.0,-1.8,0.0,0.0
,,,,40 Cb1.1-1.4D+1.6I+1.6RI+NHFDir1+,40.2,6.4,0.0,-1.5,0.0,0.0
,,,,41 Cb1.2-1.4D+1.6I+1.6RI+NHFDir1-,40.8,7.0,0.0,-2.1,0.0,0.0
,,,,42 Cb1.3-1.4D+1.6I+1.6RI+NHFDir2+,41.1,6.7,0.0,-1.8,0.0,0.0
,,,,43 Cb1.4-1.4D+1.6I+1.6RI+NHFDir2-,39.9,6.7,0.0,-1.8,0.0,0.0
,,,,44 Cb3.1-1.2D+1.2I+1.2RI+1.2W,36.7,5.9,0.0,-1.6,0.0,0.0
,,,,45 Cb3.2-1.2D+1.2I+1.2RI+1.2W,36.7,5.9,0.0,-1.6,0.0,0.0
,,,,46 Cb3.3-1.2D+1.2I+1.2RI+1.2W,36.7,5.9,0.0,-1.6,0.0,0.0
,,,,47 Cb3.4-1.2D+1.2I+1.2RI+1.2W,36.7,5.9,0.0,-1.6,0.0,0.0
,,,,48 Cb3.5-1.2D+1.2I+1.2RI+1.2W,36.7,5.9,0.0,-1.6,0.0,0.0
,,,,49 Cb3.6-1.2D+1.2I+1.2RI+1.2W,36.7,5.9,0.0,-1.6,0.0,0.0
,,,,50 Cb3.7-1.2D+1.2I+1.2RI+1.2W,36.7,5.9,0.0,-1.6,0.0,0.0
,,,,51 Cb3.8-1.2D+1.2I+1.2RI+1.2W,36.7,5.9,0.0,-1.6,0.0,0.0
,,,,52 Cb3.9-1.2D+1.2I+1.2RI+1.2W,36.7,5.9,0.0,-1.6,0.0,0.0
,,,,53 Cb3.10-1.2D+1.2I+1.2RI+1.2W,36.7,5.9,0.0,-1.6,0.0,0.0
,,,,54 Cb3.11-1.2D+1.2I+1.2RI+1.2W,36.7,5.9,0.0,-1.6,0.0,0.0
,,,,55 Cb3.12-1.2D+1.2I+1.2RI+1.2W,36.7,5.9,0.0,-1.6,0.0,0.0
,,,,56 Cb3.13-1.2D+1.2I+1.2RI+1.2W,36.7,5.9,0.0,-1.6,0.0,0.0
,,,,57 Cb3.14-1.2D+1.2I+1.2RI+1.2W,36.7,5.9,0.0,-1.6,0.0,0.0
,,,,58 Cb3.15-1.2D+1.2I+1.2RI+1.2W,36.7,5.9,0.0,-1.6,0.0,0.0
,,,,59 Cb3.16-1.2D+1.2I+1.2RI+1.2W,36.7,5.9,0.0,-1.6,0.0,0.0
,,,,60 Cb5.1-D+1.4W,21.4,2.8,0.0,-0.8,0.0,0.0
,,,,61 Cb5.2-D+1.4W,21.4,2.8,0.0,-0.8,0.0,0.0
,,,,62 Cb5.3-D+1.4W,21.4,2.8,0.0,-0.8,0.0,0.0
,,,,63 Cb5.4-D+1.4W,21.4,2.8,0.0,-0.8,0.0,0.0
,,,,64 Cb5.5-D+1.4W,21.4,2.8,0.0,-0.8,0.0,0.0
,,,,65 Cb5.6-D+1.4W,21.4,2.8,0.0,-0.8,0.0,0.0
,,,,66 Cb5.7-D+1.4W,21.4,2.8,0.0,-0.8,0.0,0.0
,,,,67 Cb5.8-D+1.4W,21.4,2.8,0.0,-0.8,0.0,0.0
,,,,68 Cb5.9-D+1.4W,21.4,2.8,0.0,-0.8,0.0,0.0
,,,,69 Cb5.10-D+1.4W,21.4,2.8,0.0,-0.8,0.0,0.0
,,,,70 Cb5.11-D+1.4W,21.4,2.8,0.0,-0.8,0.0,0.0
,,,,71 Cb5.12-D+1.4W,21.4,2.8,0.0,-0.8,0.0,0.0
,,,,72 Cb5.13-D+1.4W,21.4,2.8,0.0,-0.8,0.0,0.0
,,,,73 Cb5.14-D+1.4W,21.4,2.8,0.0,-0.8,0.0,0.0
,,,,74 Cb5.15-D+1.4W,21.4,2.8,0.0,-0.8,0.0,0.0
,,,,75 Cb5.16-D+1.4W,21.4,2.8,0.0,-0.8,0.0,0.0
,,,,76 (Final) Cb1-1.4D+1.6I+1.6RI,40.5,6.7,0.0,-1.8,0.0,0.0
,,,,77 (Final) Cb1.1-1.4D+1.6I+1.6RI+NHFDir1+,40.2,6.4,0.0,-1.5,0.0,0.0
,,,,78 (Final) Cb1.2-1.4D+1.6I+1.6RI+NHFDir1-,40.8,7.0,0.0,-2.1,0.0,0.0
,,,,79 (Final) Cb1.3-1.4D+1.6I+1.6RI+NHFDir2+,41.1,6.7,0.0,-1.8,0.0,0.0
,,,,80 (Final) Cb1.4-1.4D+1.6I+1.6RI+NHFDir2-,39.9,6.7,0.0,-1.8,0.0,0.0
,,,,81 (Final) Cb3.1-1.2D+1.2I+1.2RI+1.2W,41.7,-12.1,7.7,8.3,0.0,0.0
,,,,82 (Final) Cb3.2-1.2D+1.2I+1.2RI+1.2W,28.1,-12.1,7.7,6.5,0.0,0.0
,,,,83 (Final) Cb3.3-1.2D+1.2I+1.2RI+1.2W,37.3,-9.2,11.9,8.1,0.0,0.0
,,,,84 (Final) Cb3.4-1.2D+1.2I+1.2RI+1.2W,23.7,-9.1,11.9,6.3,0.0,0.0
,,,,85 (Final) Cb3.5-1.2D+1.2I+1.2RI+1.2W,50.1,3.2,1.7,3.5,0.0,0.0
,,,,86 (Final) Cb3.6-1.2D+1.2I+1.2RI+1.2W,38.4,3.2,1.7,1.4,0.0,0.0
,,,,87 (Final) Cb3.7-1.2D+1.2I+1.2RI+1.2W,45.6,5.8,5.9,3.5,0.0,0.0
,,,,88 (Final) Cb3.8-1.2D+1.2I+1.2RI+1.2W,33.9,5.8,5.9,1.3,0.0,0.0
,,,,89 (Final) Cb3.9-1.2D+1.2I+1.2RI+1.2W,42.9,14.7,2.8,-10.1,0.0,0.0
,,,,90 (Final) Cb3.10-1.2D+1.2I+1.2RI+1.2W,42.9,14.7,2.8,-10.1,0.0,0.0
,,,,91 (Final) Cb3.11-1.2D+1.2I+1.2RI+1.2W,40.0,16.7,5.6,-10.3,0.0,0.0
,,,,92 (Final) Cb3.12-1.2D+1.2I+1.2RI+1.2W,40.0,16.7,5.6,-10.3,0.0,0.0
,,,,93 (Final) Cb3.13-1.2D+1.2I+1.2RI+1.2W,23.4,9.7,-6.4,-0.2,0.0,0.0
,,,,94 (Final) Cb3.14-1.2D+1.2I+1.2RI+1.2W,12.0,9.3,-6.4,-1.6,0.0,0.0
,,,,95 (Final) Cb3.15-1.2D+1.2I+1.2RI+1.2W,20.5,11.6,-3.6,-0.3,0.0,0.0
,,,,96 (Final) Cb3.16-1.2D+1.2I+1.2RI+1.2W,9.1,11.3,-3.6,-1.8,0.0,0.0
,,,,97 (Final) Cb5.1-D+1.4W,27.6,-19.7,9.6,11.6,0.0,0.0
,,,,98 (Final) Cb5.2-D+1.4W,10.6,-19.6,9.6,9.3,0.0,0.0
,,,,99 (Final) Cb5.3-D+1.4W,22.1,-16.0,14.8,11.4,0.0,0.0
,,,,100 (Final) Cb5.4-D+1.4W,5.1,-16.0,14.8,9.1,0.0,0.0
,,,,101 (Final) Cb5.5-D+1.4W,38.2,-0.6,2.1,5.6,0.0,0.0
,,,,102 (Final) Cb5.6-D+1.4W,23.5,-0.6,2.1,3.0,0.0,0.0
,,,,103 (Final) Cb5.7-D+1.4W,32.5,2.6,7.4,5.6,0.0,0.0
,,,,104 (Final) Cb5.8-D+1.4W,17.8,2.7,7.4,2.9,0.0,0.0
,,,,105 (Final) Cb5.9-D+1.4W,29.2,13.8,3.5,-11.4,0.0,0.0
,,,,106 (Final) Cb5.10-D+1.4W,29.2,13.8,3.5,-11.4,0.0,0.0
,,,,107 (Final) Cb5.11-D+1.4W,25.5,16.3,7.0,-11.6,0.0,0.0
,,,,108 (Final) Cb5.12-D+1.4W,25.5,16.3,7.0,-11.6,0.0,0.0
,,,,109 (Final) Cb5.13-D+1.4W,4.7,7.5,-8.0,1.0,0.0,0.0
,,,,110 (Final) Cb5.14-D+1.4W,-9.5,7.1,-8.0,-0.8,0.0,0.0
,,,,111 (Final) Cb5.15-D+1.4W,1.1,9.9,-4.5,0.9,0.0,0.0
,,,,112 (Final) Cb5.16-D+1.4W,-13.1,9.5,-4.5,-1.0,0.0,0.0
SUP N'/4,90.0000,Span 1 Rh Column (UC 203x203x60),90.0000,38 Snow drift,21.1,2.4,0.0,-1.1,0.0,0.0
,,,,39 Cb1-1.4D+1.6I+1.6RI,38.6,5.6,0.0,-2.7,0.0,0.0
,,,,40 Cb1.1-1.4D+1.6I+1.6RI+NHFDir1+,38.9,5.7,0.0,-2.9,0.0,0.0
,,,,41 Cb1.2-1.4D+1.6I+1.6RI+NHFDir1-,38.4,5.4,0.0,-2.5,0.0,0.0
,,,,42 Cb1.3-1.4D+1.6I+1.6RI+NHFDir2+,39.3,5.5,0.0,-2.7,0.0,0.0
,,,,43 Cb1.4-1.4D+1.6I+1.6RI+NHFDir2-,37.9,5.6,0.0,-2.7,0.0,0.0
,,,,44 Cb3.1-1.2D+1.2I+1.2RI+1.2W,35.1,4.9,0.0,-2.4,0.0,0.0
,,,,45 Cb3.2-1.2D+1.2I+1.2RI+1.2W,35.1,4.9,0.0,-2.4,0.0,0.0
,,,,46 Cb3.3-1.2D+1.2I+1.2RI+1.2W,35.1,4.9,0.0,-2.4,0.0,0.0
,,,,47 Cb3.4-1.2D+1.2I+1.2RI+1.2W,35.1,4.9,0.0,-2.4,0.0,0.0
,,,,48 Cb3.5-1.2D+1.2I+1.2RI+1.2W,35.1,4.9,0.0,-2.4,0.0,0.0
,,,,49 Cb3.6-1.2D+1.2I+1.2RI+1.2W,35.1,4.9,0.0,-2.4,0.0,0.0
,,,,50 Cb3.7-1.2D+1.2I+1.2RI+1.2W,35.1,4.9,0.0,-2.4,0.0,0.0
,,,,51 Cb3.8-1.2D+1.2I+1.2RI+1.2W,35.1,4.9,0.0,-2.4,0.0,0.0
,,,,52 Cb3.9-1.2D+1.2I+1.2RI+1.2W,35.1,4.9,0.0,-2.4,0.0,0.0
,,,,53 Cb3.10-1.2D+1.2I+1.2RI+1.2W,35.1,4.9,0.0,-2.4,0.0,0.0
,,,,54 Cb3.11-1.2D+1.2I+1.2RI+1.2W,35.1,4.9,0.0,-2.4,0.0,0.0
,,,,55 Cb3.12-1.2D+1.2I+1.2RI+1.2W,35.1,4.9,0.0,-2.4,0.0,0.0
,,,,56 Cb3.13-1.2D+1.2I+1.2RI+1.2W,35.1,4.9,0.0,-2.4,0.0,0.0
,,,,57 Cb3.14-1.2D+1.2I+1.2RI+1.2W,35.1,4.9,0.0,-2.4,0.0,0.0
,,,,58 Cb3.15-1.2D+1.2I+1.2RI+1.2W,35.1,4.9,0.0,-2.4,0.0,0.0
,,,,59 Cb3.16-1.2D+1.2I+1.2RI+1.2W,35.1,4.9,0.0,-2.4,0.0,0.0
,,,,60 Cb5.1-D+1.4W,21.1,2.4,0.0,-1.1,0.0,0.0
,,,,61 Cb5.2-D+1.4W,21.1,2.4,0.0,-1.1,0.0,0.0
,,,,62 Cb5.3-D+1.4W,21.1,2.4,0.0,-1.1,0.0,0.0
,,,,63 Cb5.4-D+1.4W,21.1,2.4,0.0,-1.1,0.0,0.0
,,,,64 Cb5.5-D+1.4W,21.1,2.4,0.0,-1.1,0.0,0.0
,,,,65 Cb5.6-D+1.4W,21.1,2.4,0.0,-1.1,0.0,0.0
,,,,66 Cb5.7-D+1.4W,21.1,2.4,0.0,-1.1,0.0,0.0
,,,,67 Cb5.8-D+1.4W,21.1,2.4,0.0,-1.1,0.0,0.0
,,,,68 Cb5.9-D+1.4W,21.1,2.4,0.0,-1.1,0.0,0.0
,,,,69 Cb5.10-D+1.4W,21.1,2.4,0.0,-1.1,0.0,0.0
,,,,70 Cb5.11-D+1.4W,21.1,2.4,0.0,-1.1,0.0,0.0
,,,,71 Cb5.12-D+1.4W,21.1,2.4,0.0,-1.1,0.0,0.0
,,,,72 Cb5.13-D+1.4W,21.1,2.4,0.0,-1.1,0.0,0.0
,,,,73 Cb5.14-D+1.4W,21.1,2.4,0.0,-1.1,0.0,0.0
,,,,74 Cb5.15-D+1.4W,21.1,2.4,0.0,-1.1,0.0,0.0
,,,,75 Cb5.16-D+1.4W,21.1,2.4,0.0,-1.1,0.0,0.0
,,,,76 (Final) Cb1-1.4D+1.6I+1.6RI,38.6,5.6,0.0,-2.7,0.0,0.0
,,,,77 (Final) Cb1.1-1.4D+1.6I+1.6RI+NHFDir1+,38.9,5.7,0.0,-2.9,0.0,0.0
,,,,78 (Final) Cb1.2-1.4D+1.6I+1.6RI+NHFDir1-,38.4,5.4,0.0,-2.5,0.0,0.0
,,,,79 (Final) Cb1.3-1.4D+1.6I+1.6RI+NHFDir2+,39.3,5.5,0.0,-2.7,0.0,0.0
,,,,80 (Final) Cb1.4-1.4D+1.6I+1.6RI+NHFDir2-,37.9,5.6,0.0,-2.7,0.0,0.0
,,,,81 (Final) Cb3.1-1.2D+1.2I+1.2RI+1.2W,56.9,14.7,-4.0,-10.1,0.0,0.0
,,,,82 (Final) Cb3.2-1.2D+1.2I+1.2RI+1.2W,44.3,11.1,-4.0,-7.4,0.0,0.0
,,,,83 (Final) Cb3.3-1.2D+1.2I+1.2RI+1.2W,54.2,18.1,-8.0,-8.9,0.0,0.0
,,,,84 (Final) Cb3.4-1.2D+1.2I+1.2RI+1.2W,41.6,14.5,-8.0,-6.1,0.0,0.0
,,,,85 (Final) Cb3.5-1.2D+1.2I+1.2RI+1.2W,63.3,16.0,-1.6,-6.7,0.0,0.0
,,,,86 (Final) Cb3.6-1.2D+1.2I+1.2RI+1.2W,46.8,11.7,-1.6,-3.5,0.0,0.0
,,,,87 (Final) Cb3.7-1.2D+1.2I+1.2RI+1.2W,60.7,19.5,-5.7,-5.6,0.0,0.0
,,,,88 (Final) Cb3.8-1.2D+1.2I+1.2RI+1.2W,44.2,15.1,-5.7,-2.3,0.0,0.0
,,,,89 (Final) Cb3.9-1.2D+1.2I+1.2RI+1.2W,23.2,-9.9,-5.2,4.5,0.0,0.0
,,,,90 (Final) Cb3.10-1.2D+1.2I+1.2RI+1.2W,23.2,-9.9,-5.2,4.5,0.0,0.0
,,,,91 (Final) Cb3.11-1.2D+1.2I+1.2RI+1.2W,21.4,-7.7,-7.8,5.4,0.0,0.0
,,,,92 (Final) Cb3.12-1.2D+1.2I+1.2RI+1.2W,21.4,-7.7,-7.8,5.4,0.0,0.0
,,,,93 (Final) Cb3.13-1.2D+1.2I+1.2RI+1.2W,21.3,12.7,6.1,-3.9,0.0,0.0
,,,,94 (Final) Cb3.14-1.2D+1.2I+1.2RI+1.2W,6.7,9.2,6.1,-1.3,0.0,0.0
,,,,95 (Final) Cb3.15-1.2D+1.2I+1.2RI+1.2W,19.5,14.9,3.4,-3.1,0.0,0.0
,,,,96 (Final) Cb3.16-1.2D+1.2I+1.2RI+1.2W,4.9,11.4,3.4,-0.5,0.0,0.0
,,,,97 (Final) Cb5.1-D+1.4W,48.3,14.6,-5.0,-10.8,0.0,0.0
,,,,98 (Final) Cb5.2-D+1.4W,32.6,10.1,-5.0,-7.4,0.0,0.0
,,,,99 (Final) Cb5.3-D+1.4W,44.9,18.8,-10.0,-9.3,0.0,0.0
,,,,100 (Final) Cb5.4-D+1.4W,29.2,14.3,-10.0,-5.8,0.0,0.0
,,,,101 (Final) Cb5.5-D+1.4W,56.4,16.3,-2.0,-6.6,0.0,0.0
,,,,102 (Final) Cb5.6-D+1.4W,35.7,10.8,-2.0,-2.5,0.0,0.0
,,,,103 (Final) Cb5.7-D+1.4W,53.1,20.6,-7.1,-5.2,0.0,0.0
,,,,104 (Final) Cb5.8-D+1.4W,32.5,15.1,-7.1,-1.1,0.0,0.0
,,,,105 (Final) Cb5.9-D+1.4W,6.2,-16.2,-6.5,7.5,0.0,0.0
,,,,106 (Final) Cb5.10-D+1.4W,6.2,-16.2,-6.5,7.5,0.0,0.0
,,,,107 (Final) Cb5.11-D+1.4W,3.9,-13.4,-9.8,8.5,0.0,0.0
,,,,108 (Final) Cb5.12-D+1.4W,3.9,-13.4,-9.8,8.5,0.0,0.0
,,,,109 (Final) Cb5.13-D+1.4W,3.8,12.1,7.6,-3.0,0.0,0.0
,,,,110 (Final) Cb5.14-D+1.4W,-14.4,7.7,7.6,0.2,0.0,0.0
,,,,111 (Final) Cb5.15-D+1.4W,1.6,14.9,4.3,-2.0,0.0,0.0
,,,,112 (Final) Cb5.16-D+1.4W,-16.6,10.4,4.3,1.2,0.0,0.0
,,,,,,,,,,
,,,,,,,,,,
Wall Supports,,,,,,,,,,
No results available.,,,,,,,,,,
,,,,,,,,,,
Core Supports,,,,,,,,,,
No results available.,,,,,,,,,,
,,,,,,,,,,
